Workbook

Sheet ABC-to-ABC_Weekday
A1: Last Updated: | B1: 45345 | C1: Z1 | D1: =SORT(A2:A14, ROW(A2:A14), 0)
A2: STATION | B2: COORDINATES | C2: 4400 | D2: 4402 | E2: 4420
A3: DE WILDT | B3: -25.624641315648187, 27.944111334913465 | C3: 0.19444444 | D3: 0.3125 | E3: 0.68402778
A4: TAILLARDSHOOP | B4: -25.617806769500547, 27.972401220150644 | C4: 0.19791667 | D4: 0.31597222 | E4: 0.6875
A5: GA-RANKUWA | B5: -25.619463521827942, 27.991787773598496 | C5: 0.2 | D5: 0.31805556 | E5: 0.68958333
A6: ROSSLYN | B6: -25.637700722357806, 28.094920182723996 | C6: 0.20833333 | D6: 0.32638889 | E6: 0.69791667
A7: WINTERSNEST | B7: -25.646665143468105, 28.128664081235527 | C7: 0.21180556 | D7: 0.32986111 | E7: 0.70138889
A8: WOLMERTON | B8: -25.656754583256834, 28.166308537943245 | C8: 0.21597222 | D8: 0.33402778 | E8: 0.70555556
A9: PRETORIA-N | B9: -25.672156912459837, 28.181972182122085 | C9: 0.21875 | D9: 0.33680556 | E9: 0.70833333
A10: MOUNTAIN VIEW | B10: -25.701154966265122, 28.1710407244521 | C10: 0.22361111 | D10: 0.34166667 | E10: 0.71319444
A11: HERCULES | B11: -25.724426332570793, 28.16740145328856 | C11: 0.22708333 | D11: 0.34513889 | E11: 0.71666667
A12: PRETORIA WES | B12: -25.75612607001734, 28.167454033423436 | C12: 0.23194444 | D12: 0.35 | E12: 0.72152778
A13: PRETORIA | B13: -25.75864361043285, 28.189866445989118 | C13: 0.23611111 | D13: 0.35416667 | E13: 0.72569444

Sheet Archive_2025

Sheet EVENT-to-A_Weekday
A1: Last Updated: | B1: 45345 | C1: Z1 | D1: =SORT(A2:A14, ROW(A2:A14), 0)
A2: STATION | B2: COORDINATES | C2: 4400 | D2: 4402 | E2: 4420
A3: DE WILDT | B3: -25.624641315648187, 27.944111334913465 | C3: 0.19444444 | D3: 0.3125 | E3: 0.68402778
A4: TAILLARDSHOOP | B4: -25.617806769500547, 27.972401220150644 | C4: 0.19791667 | D4: 0.31597222 | E4: 0.6875
A5: GA-RANKUWA | B5: -25.619463521827942, 27.991787773598496 | C5: 0.2 | D5: 0.31805556 | E5: 0.68958333
A6: ROSSLYN | B6: -25.637700722357806, 28.094920182723996 | C6: 0.20833333 | D6: 0.32638889 | E6: 0.69791667
A7: WINTERSNEST | B7: -25.646665143468105, 28.128664081235527 | C7: 0.21180556 | D7: 0.32986111 | E7: 0.70138889
A8: WOLMERTON | B8: -25.656754583256834, 28.166308537943245 | C8: 0.21597222 | D8: 0.33402778 | E8: 0.70555556
A9: PRETORIA-N | B9: -25.672156912459837, 28.181972182122085 | C9: 0.21875 | D9: 0.33680556 | E9: 0.70833333
A10: MOUNTAIN VIEW | B10: -25.701154966265122, 28.1710407244521 | C10: 0.22361111 | D10: 0.34166667 | E10: 0.71319444
A11: HERCULES | B11: -25.724426332570793, 28.16740145328856 | C11: 0.22708333 | D11: 0.34513889 | E11: 0.71666667
A12: PRETORIA WES | B12: -25.75612607001734, 28.167454033423436 | C12: 0.23194444 | D12: 0.35 | E12: 0.72152778
A13: PRETORIA | B13: -25.75864361043285, 28.189866445989118 | C13: 0.23611111 | D13: 0.35416667 | E13: 0.72569444

Sheet EVENT-to-B_Weekday
A1: Last Updated: | B1: 45345 | C1: Z1 | D1: =SORT(A2:A14, ROW(A2:A14), 0)
A2: STATION | B2: COORDINATES | C2: 4400 | D2: 4402 | E2: 4420
A3: DE WILDT | B3: -25.624641315648187, 27.944111334913465 | C3: 0.19444444 | D3: 0.3125 | E3: 0.68402778
A4: TAILLARDSHOOP | B4: -25.617806769500547, 27.972401220150644 | C4: 0.19791667 | D4: 0.31597222 | E4: 0.6875
A5: GA-RANKUWA | B5: -25.619463521827942, 27.991787773598496 | C5: 0.2 | D5: 0.31805556 | E5: 0.68958333
A6: ROSSLYN | B6: -25.637700722357806, 28.094920182723996 | C6: 0.20833333 | D6: 0.32638889 | E6: 0.69791667
A7: WINTERSNEST | B7: -25.646665143468105, 28.128664081235527 | C7: 0.21180556 | D7: 0.32986111 | E7: 0.70138889
A8: WOLMERTON | B8: -25.656754583256834, 28.166308537943245 | C8: 0.21597222 | D8: 0.33402778 | E8: 0.70555556
A9: PRETORIA-N | B9: -25.672156912459837, 28.181972182122085 | C9: 0.21875 | D9: 0.33680556 | E9: 0.70833333
A10: MOUNTAIN VIEW | B10: -25.701154966265122, 28.1710407244521 | C10: 0.22361111 | D10: 0.34166667 | E10: 0.71319444
A11: HERCULES | B11: -25.724426332570793, 28.16740145328856 | C11: 0.22708333 | D11: 0.34513889 | E11: 0.71666667
A12: PRETORIA WES | B12: -25.75612607001734, 28.167454033423436 | C12: 0.23194444 | D12: 0.35 | E12: 0.72152778
A13: PRETORIA | B13: -25.75864361043285, 28.189866445989118 | C13: 0.23611111 | D13: 0.35416667 | E13: 0.72569444

Sheet EVENT-to-A_Sat
A1: Last Updated: | B1: 45345 | C1: Z1 | D1: =SORT(A2:A14, ROW(A2:A14), 0)
A2: STATION | B2: COORDINATES | C2: 4400 | D2: 4402 | E2: 4420
A3: DE WILDT | B3: -25.624641315648187, 27.944111334913465 | C3: 0.19444444 | D3: 0.3125 | E3: 0.68402778
A4: TAILLARDSHOOP | B4: -25.617806769500547, 27.972401220150644 | C4: 0.19791667 | D4: 0.31597222 | E4: 0.6875
A5: GA-RANKUWA | B5: -25.619463521827942, 27.991787773598496 | C5: 0.2 | D5: 0.31805556 | E5: 0.68958333
A6: ROSSLYN | B6: -25.637700722357806, 28.094920182723996 | C6: 0.20833333 | D6: 0.32638889 | E6: 0.69791667
A7: WINTERSNEST | B7: -25.646665143468105, 28.128664081235527 | C7: 0.21180556 | D7: 0.32986111 | E7: 0.70138889
A8: WOLMERTON | B8: -25.656754583256834, 28.166308537943245 | C8: 0.21597222 | D8: 0.33402778 | E8: 0.70555556
A9: PRETORIA-N | B9: -25.672156912459837, 28.181972182122085 | C9: 0.21875 | D9: 0.33680556 | E9: 0.70833333
A10: MOUNTAIN VIEW | B10: -25.701154966265122, 28.1710407244521 | C10: 0.22361111 | D10: 0.34166667 | E10: 0.71319444
A11: HERCULES | B11: -25.724426332570793, 28.16740145328856 | C11: 0.22708333 | D11: 0.34513889 | E11: 0.71666667
A12: PRETORIA WES | B12: -25.75612607001734, 28.167454033423436 | C12: 0.23194444 | D12: 0.35 | E12: 0.72152778
A13: PRETORIA | B13: -25.75864361043285, 28.189866445989118 | C13: 0.23611111 | D13: 0.35416667 | E13: 0.72569444

Sheet EVENT-to-B_Sat
A1: Last Updated: | B1: 45345 | C1: Z1 | D1: =SORT(A2:A14, ROW(A2:A14), 0)
A2: STATION | B2: COORDINATES | C2: 4400 | D2: 4402 | E2: 4420
A3: DE WILDT | B3: -25.624641315648187, 27.944111334913465 | C3: 0.19444444 | D3: 0.3125 | E3: 0.68402778
A4: TAILLARDSHOOP | B4: -25.617806769500547, 27.972401220150644 | C4: 0.19791667 | D4: 0.31597222 | E4: 0.6875
A5: GA-RANKUWA | B5: -25.619463521827942, 27.991787773598496 | C5: 0.2 | D5: 0.31805556 | E5: 0.68958333
A6: ROSSLYN | B6: -25.637700722357806, 28.094920182723996 | C6: 0.20833333 | D6: 0.32638889 | E6: 0.69791667
A7: WINTERSNEST | B7: -25.646665143468105, 28.128664081235527 | C7: 0.21180556 | D7: 0.32986111 | E7: 0.70138889
A8: WOLMERTON | B8: -25.656754583256834, 28.166308537943245 | C8: 0.21597222 | D8: 0.33402778 | E8: 0.70555556
A9: PRETORIA-N | B9: -25.672156912459837, 28.181972182122085 | C9: 0.21875 | D9: 0.33680556 | E9: 0.70833333
A10: MOUNTAIN VIEW | B10: -25.701154966265122, 28.1710407244521 | C10: 0.22361111 | D10: 0.34166667 | E10: 0.71319444
A11: HERCULES | B11: -25.724426332570793, 28.16740145328856 | C11: 0.22708333 | D11: 0.34513889 | E11: 0.71666667
A12: PRETORIA WES | B12: -25.75612607001734, 28.167454033423436 | C12: 0.23194444 | D12: 0.35 | E12: 0.72152778
A13: PRETORIA | B13: -25.75864361043285, 28.189866445989118 | C13: 0.23611111 | D13: 0.35416667 | E13: 0.72569444

Sheet UNCLASSIFIED_TRAINS
A1: Last Updated: | B1: ='CT-to-MALM_Weekday'!B1 -> 46181
A2: STATION | B2: COORDINATES

Sheet CEN_IN_WK_MASTER
A1: Last Updated: | B1: Unspecified | C1: Z1
A2: STATION | B2: COORDINATES | C2: 9400 | D2: 9500 | E2: 9900 | F2: 9402 | G2: 9002 | H2: 9502 | I2: 9420 | J2: 9004 | K2: 9902 | L2: 9006 | M2: 9404 | N2: 9504 | O2: 9904 | P2: 9406 | Q2: 9506 | R2: 9008 | S2: 9906 | T2: 9010 | U2: 9408 | V2: 9508 | W2: 9012 | X2: 9908 | Y2: 9510 | Z2: 9014 | AA2: 9910 | AB2: 9016 | AC2: 9410 | AD2: 9018 | AE2: 9912 | AF2: 9512 | AG2: 9020 | AH2: 9412 | AI2: 9514 | AJ2: 9022 | AK2: 9914 | AL2: 9024 | AM2: 9916 | AN2: 9516 | AO2: 9414 | AP2: 9026 | AQ2: 9918 | AR2: 9518 | AS2: 9028 | AT2: 9416 | AU2: 9520 | AV2: 9920 | AW2: 9522
A3: BELLVILLE | B3: -33.906263459762684, 18.62662128465745 | G3: 0.23263889 | J3: 0.26041667 | L3: 0.29513889 | R3: 0.35763889 | T3: 0.38194444 | W3: 0.43402778 | Z3: 0.49305556 | AB3: 0.53472222 | AD3: 0.55208333 | AG3: 0.61458333 | AJ3: 0.65277778 | AL3: 0.68402778 | AP3: 0.73611111 | AS3: 0.76388889
A4: SAREPTA | B4: -33.92655594121331, 18.661143180651308 | G4: 0.23680556 | J4: 0.26458333 | L4: 0.29930556 | R4: 0.36180556 | T4: 0.38611111 | W4: 0.43819444 | Z4: 0.49722222 | AB4: 0.53888889 | AD4: 0.55625 | AG4: 0.61875 | AJ4: 0.65694444 | AL4: 0.68819444 | AP4: 0.74027778 | AS4: 0.76805556
A5: PENTECH | B5: -33.93468015167005, 18.646053668734744 | G5: 0.23888889 | J5: 0.26666667 | L5: 0.30138889 | R5: 0.36388889 | T5: 0.38819444 | W5: 0.44027778 | Z5: 0.49930556 | AB5: 0.54097222 | AD5: 0.55833333 | AG5: 0.62083333 | AJ5: 0.65902778 | AL5: 0.69027778 | AP5: 0.74236111 | AS5: 0.77013889
A6: UNIBELL | B6: -33.93686354314193, 18.628117540172582 | G6: 0.24166667 | J6: 0.26944444 | L6: 0.30416667 | R6: 0.36666667 | T6: 0.39097222 | W6: 0.44305556 | Z6: 0.50208333 | AB6: 0.54375 | AD6: 0.56111111 | AG6: 0.62361111 | AJ6: 0.66180556 | AL6: 0.69305556 | AP6: 0.74513889 | AS6: 0.77291667
A7: BELHAR | B7: -33.93959717971092, 18.60894476900841 | G7: 0.24444444 | J7: 0.27222222 | L7: 0.30694444 | R7: 0.36944444 | T7: 0.39375 | W7: 0.44583333 | Z7: 0.50486111 | AB7: 0.54652778 | AD7: 0.56388889 | AG7: 0.62638889 | AJ7: 0.66458333 | AL7: 0.69583333 | AP7: 0.74791667 | AS7: 0.77569444
A8: LAVISTOWN | B8: -33.943269567798055, 18.583722311337315 | G8: 0.24652778 | J8: 0.27430556 | L8: 0.30902778 | R8: 0.37152778 | T8: 0.39583333 | W8: 0.44791667 | Z8: 0.50694444 | AB8: 0.54861111 | AD8: 0.56597222 | AG8: 0.62847222 | AJ8: 0.66666667 | AL8: 0.69791667 | AP8: 0.75 | AS8: 0.77777778
A9: CHRIS HANI | B9: -34.054706073305944, 18.710707924836054 | E9: 0.20486111 | K9: 0.25833333 | O9: 0.3125 | S9: 0.3625 | X9: 0.43194444 | AA9: 0.48958333 | AE9: 0.54861111 | AK9: 0.62638889 | AM9: 0.68402778 | AQ9: 0.73611111 | AV9: 0.79861111
A10: KUYASA | B10: -34.05489939537871, 18.692323957717754 | E10: 0.20763889 | K10: 0.26111111 | O10: 0.31527778 | S10: 0.36527778 | X10: 0.43472222 | AA10: 0.49236111 | AE10: 0.55138889 | AK10: 0.62916667 | AM10: 0.68680556 | AQ10: 0.73888889 | AV10: 0.80138889
A11: KHAYELITSHA | B11: -34.047943373751565, 18.67073769040669 | E11: 0.20972222 | K11: 0.26319444 | O11: 0.31736111 | S11: 0.36736111 | X11: 0.43680556 | AA11: 0.49444444 | AE11: 0.55347222 | AK11: 0.63125 | AM11: 0.68888889 | AQ11: 0.74097222 | AV11: 0.80347222
A12: NONKQUBELA | B12: -34.02681746271161, 18.663190611341626 | E12: 0.2125 | K12: 0.26597222 | O12: 0.32013889 | S12: 0.37013889 | X12: 0.43958333 | AA12: 0.49722222 | AE12: 0.55625 | AK12: 0.63402778 | AM12: 0.69166667 | AQ12: 0.74375 | AV12: 0.80625
A13: NOLUNGILE | B13: -34.016811809063164, 18.64902361716287 | C13: 0.19444444 | E13: 0.21527778 | F13: 0.22569444 | I13: 0.25763889 | K13: 0.26875 | M13: 0.30069444 | O13: 0.32291667 | P13: 0.34722222 | S13: 0.37291667 | U13: 0.39722222 | X13: 0.44236111 | AA13: 0.5 | AC13: 0.54513889 | AE13: 0.55902778 | AH13: 0.63888889 | AK13: 0.63680556 | AM13: 0.69444444 | AO13: 0.70833333 | AQ13: 0.74652778 | AT13: 0.77222222 | AV13: 0.80902778
A14: MANDALAY | B14: -34.019015667481014, 18.624391145998562 | C14: 0.19722222 | E14: 0.21805556 | F14: 0.22847222 | I14: 0.26041667 | K14: 0.27152778 | M14: 0.30347222 | O14: 0.32569444 | P14: 0.35 | S14: 0.37569444 | U14: 0.4 | X14: 0.44513889 | AA14: 0.50277778 | AC14: 0.54791667 | AE14: 0.56180556 | AH14: 0.64166667 | AK14: 0.63958333 | AM14: 0.69722222 | AO14: 0.71111111 | AQ14: 0.74930556 | AT14: 0.775 | AV14: 0.81180556
A15: STOCK ROAD | B15: -34.01412292128464, 18.606174209491407 | C15: 0.19930556 | E15: 0.22013889 | F15: 0.23055556 | I15: 0.2625 | K15: 0.27361111 | M15: 0.30555556 | O15: 0.32777778 | P15: 0.35208333 | S15: 0.37777778 | U15: 0.40208333 | X15: 0.44722222 | AA15: 0.50486111 | AC15: 0.55 | AE15: 0.56388889 | AH15: 0.64375 | AK15: 0.64166667 | AM15: 0.69930556 | AO15: 0.71319444 | AQ15: 0.75138889 | AT15: 0.77708333 | AV15: 0.81388889
A16: KAPTEINSKLIP | B16: -34.06755873543257, 18.620534480658506 | D16: 0.19444444 | H16: 0.24652778 | N16: 0.29861111 | Q16: 0.34722222 | U16: 0.39583333 | Y16: 0.45138889 | AF16: 0.55555556 | AI16: 0.64930556 | AN16: 0.69930556 | AR16: 0.75208333 | AU16: 0.79513889 | AW16: 0.82986111
A17: MITCHELL'S PLAIN | B17: -34.0504610838304, 18.619222253671435 | D17: 0.2 | H17: 0.25208333 | N17: 0.30416667 | Q17: 0.35277778 | U17: 0.40138889 | Y17: 0.45694444 | AF17: 0.56111111 | AI17: 0.65486111 | AN17: 0.70486111 | AR17: 0.75763889 | AU17: 0.80069444 | AW17: 0.83194444
A18: LENTEGEUR | B18: -34.03418971685345, 18.611322738328173 | D18: 0.20486111 | N18: 0.30902778 | Q18: 0.35763889 | U18: 0.40625 | Y18: 0.46180556 | AF18: 0.56597222 | AI18: 0.65972222 | AN18: 0.70972222 | AR18: 0.7625 | AU18: 0.80555556 | AW18: 0.83333333
A19: PHILIPPI | B19: -34.01328895709482, 18.584421561340882 | C19: 0.20277778 | D19: 0.20833333 | E19: 0.22361111 | F19: 0.23402778 | H19: 0.26041667 | I19: 0.26597222 | K19: 0.27708333 | M19: 0.30902778 | N19: 0.3125 | O19: 0.33125 | P19: 0.35555556 | Q19: 0.36111111 | S19: 0.38125 | U19: 0.40555556 | V19: 0.40972222 | X19: 0.45069444 | Y19: 0.46527778 | AA19: 0.50833333 | AC19: 0.55347222 | AE19: 0.56736111 | AF19: 0.56944444 | AH19: 0.64722222 | AI19: 0.66319444 | AK19: 0.64513889 | AM19: 0.70277778 | AN19: 0.71319444 | AO19: 0.71666667 | AQ19: 0.75486111 | AR19: 0.76597222 | AT19: 0.78055556 | AU19: 0.80902778 | AV19: 0.81736111 | AW19: 0.83680556
A20: NYANGA | B20: -33.99271379632963, 18.559776951819032 | C20: 0.20555556 | D20: 0.21111111 | E20: 0.22638889 | F20: 0.23680556 | H20: 0.26319444 | I20: 0.26875 | K20: 0.27986111 | M20: 0.31180556 | N20: 0.31527778 | O20: 0.33402778 | P20: 0.35833333 | Q20: 0.36388889 | S20: 0.38402778 | U20: 0.40833333 | V20: 0.4125 | X20: 0.45347222 | Y20: 0.46805556 | AA20: 0.51111111 | AC20: 0.55625 | AE20: 0.57013889 | AF20: 0.57222222 | AH20: 0.65 | AI20: 0.66597222 | AK20: 0.64791667 | AM20: 0.70555556 | AN20: 0.71597222 | AO20: 0.71944444 | AQ20: 0.75763889 | AR20: 0.76875 | AT20: 0.78333333 | AU20: 0.81180556 | AV20: 0.82013889 | AW20: 0.83958333
A21: HEIDEVELD | B21: -33.96955914627068, 18.561952615501543 | C21: 0.20694444 | D21: 0.2125 | E21: 0.22777778 | F21: 0.23819444 | H21: 0.26458333 | I21: 0.27013889 | K21: 0.28125 | M21: 0.31319444 | N21: 0.31666667 | O21: 0.33541667 | P21: 0.35972222 | Q21: 0.36527778 | S21: 0.38541667 | U21: 0.40972222 | V21: 0.41388889 | X21: 0.45486111 | Y21: 0.46944444 | AA21: 0.5125 | AC21: 0.55763889 | AE21: 0.57152778 | AF21: 0.57361111 | AH21: 0.65138889 | AI21: 0.66736111 | AK21: 0.64930556 | AM21: 0.70694444 | AN21: 0.71736111 | AO21: 0.72083333 | AQ21: 0.75902778 | AR21: 0.77013889 | AT21: 0.78472222 | AU21: 0.81319444 | AV21: 0.82152778
A22: NETREG | B22: -33.952620288476226, 18.563580552945645 | C22: 0.20833333 | D22: 0.21388889 | E22: 0.22916667 | F22: 0.23958333 | H22: 0.26597222 | I22: 0.27152778 | K22: 0.28263889 | M22: 0.31458333 | N22: 0.31805556 | O22: 0.33680556 | P22: 0.36111111 | Q22: 0.36666667 | S22: 0.38680556 | U22: 0.41111111 | V22: 0.41527778 | X22: 0.45625 | Y22: 0.47083333 | AA22: 0.51388889 | AC22: 0.55902778 | AE22: 0.57291667 | AF22: 0.575 | AH22: 0.65277778 | AI22: 0.66875 | AK22: 0.65069444 | AM22: 0.70833333 | AN22: 0.71875 | AO22: 0.72222222 | AQ22: 0.76041667 | AR22: 0.77152778 | AT22: 0.78611111 | AU22: 0.81458333 | AV22: 0.82291667
A23: BONTEHEUWEL | B23: -33.94185049480737, 18.549579817876847 | C23: 0.20972222 | D23: 0.21527778 | E23: 0.23055556 | F23: 0.24097222 | G23: 0.24791667 | H23: 0.26736111 | I23: 0.27291667 | J23: 0.27569444 | K23: 0.28402778 | L23: 0.31041667 | M23: 0.31597222 | N23: 0.31944444 | O23: 0.33819444 | P23: 0.3625 | Q23: 0.36805556 | R23: 0.37291667 | S23: 0.38819444 | T23: 0.39722222 | U23: 0.4125 | V23: 0.41666667 | W23: 0.44930556 | X23: 0.45763889 | Y23: 0.47222222 | Z23: 0.50833333 | AA23: 0.51527778 | AB23: 0.55 | AC23: 0.56041667 | AD23: 0.56736111 | AE23: 0.57430556 | AF23: 0.57638889 | AG23: 0.62986111 | AH23: 0.65416667 | AI23: 0.67013889 | AJ23: 0.66805556 | AK23: 0.65208333 | AL23: 0.69930556 | AM23: 0.70972222 | AN23: 0.72013889 | AO23: 0.72361111 | AP23: 0.75138889 | AQ23: 0.76180556 | AR23: 0.77291667 | AS23: 0.77916667 | AT23: 0.7875 | AU23: 0.81597222 | AV23: 0.82430556 | AW23: 0.84375
A24: LANGA | B24: -33.938934072196076, 18.52974423065194 | C24: 0.21180556 | D24: 0.21736111 | E24: 0.23263889 | F24: 0.24305556 | G24: 0.25 | H24: 0.26944444 | I24: 0.275 | J24: 0.27777778 | K24: 0.28611111 | L24: 0.3125 | M24: 0.31805556 | N24: 0.32152778 | O24: 0.34027778 | P24: 0.36458333 | Q24: 0.37013889 | R24: 0.375 | S24: 0.39027778 | T24: 0.39930556 | U24: 0.41458333 | V24: 0.41875 | W24: 0.45138889 | X24: 0.45972222 | Y24: 0.47430556 | Z24: 0.51041667 | AA24: 0.51736111 | AB24: 0.55208333 | AC24: 0.5625 | AD24: 0.56944444 | AE24: 0.57638889 | AF24: 0.57847222 | AG24: 0.63194444 | AH24: 0.65625 | AI24: 0.67222222 | AJ24: 0.67013889 | AK24: 0.65416667 | AL24: 0.70138889 | AM24: 0.71180556 | AN24: 0.72222222 | AO24: 0.72569444 | AP24: 0.75347222 | AQ24: 0.76388889 | AR24: 0.775 | AS24: 0.78125 | AT24: 0.78958333 | AU24: 0.81805556 | AV24: 0.82638889 | AW24: 0.84583333
A25: MUTUAL | B25: -33.92209345116931, 18.511988082500565 | C25: 0.21527778 | E25: 0.23611111 | F25: 0.24652778 | G25: 0.25347222 | I25: 0.27847222 | J25: 0.28125 | K25: 0.28958333 | L25: 0.31597222 | M25: 0.32152778 | O25: 0.34375 | P25: 0.36805556 | R25: 0.37847222 | S25: 0.39375 | T25: 0.40277778 | U25: 0.41805556 | W25: 0.45486111 | X25: 0.46319444 | Z25: 0.51388889 | AA25: 0.52083333 | AB25: 0.55555556 | AC25: 0.56597222 | AD25: 0.57291667 | AE25: 0.57986111 | AG25: 0.63541667 | AH25: 0.65972222 | AJ25: 0.67361111 | AK25: 0.65763889 | AL25: 0.70486111 | AM25: 0.71527778 | AO25: 0.72916667 | AP25: 0.75694444 | AQ25: 0.76736111 | AS25: 0.78472222 | AT25: 0.79305556 | AV25: 0.82986111
A26: YSTERPLAAT | B26: -33.9199022523178, 18.476775305514295 | C26: 0.22152778 | E26: 0.24236111 | F26: 0.25277778 | I26: 0.28472222 | K26: 0.29583333 | M26: 0.32777778 | O26: 0.35 | P26: 0.37430556 | S26: 0.4 | U26: 0.42430556 | X26: 0.46944444 | AA26: 0.52708333 | AC26: 0.57222222 | AE26: 0.58611111 | AH26: 0.66597222 | AK26: 0.66388889 | AM26: 0.72152778 | AO26: 0.73541667 | AQ26: 0.77361111 | AT26: 0.79930556 | AV26: 0.83611111
A27: ESPLANADE | B27: -33.923640784366874, 18.446037955514498 | C27: 0.22986111 | E27: 0.25069444 | F27: 0.26111111 | I27: 0.29305556 | K27: 0.30416667 | M27: 0.33611111 | O27: 0.35833333 | P27: 0.38263889 | S27: 0.40833333 | U27: 0.43263889 | X27: 0.47777778 | AA27: 0.53541667 | AC27: 0.58055556 | AE27: 0.59444444 | AH27: 0.67430556 | AK27: 0.67222222 | AM27: 0.72986111 | AO27: 0.74375 | AQ27: 0.78194444 | AT27: 0.80763889 | AV27: 0.84444444
A28: PINELANDS | B28: -33.93964476336891, 18.490635019900687 | D28: 0.21944444 | H28: 0.27152778 | N28: 0.32361111 | Q28: 0.37222222 | V28: 0.42083333 | Y28: 0.47638889 | AF28: 0.58055556 | AI28: 0.67430556 | AN28: 0.72430556 | AR28: 0.77708333 | AU28: 0.82013889 | AW28: 0.84791667
A29: NDABENI | B29: -33.928548273196824, 18.495159894144553 | D29: 0.22083333 | H29: 0.27291667 | N29: 0.325 | Q29: 0.37361111 | V29: 0.42222222 | Y29: 0.47777778 | AF29: 0.58194444 | AI29: 0.67569444 | AN29: 0.72569444 | AR29: 0.77847222 | AU29: 0.82152778 | AW29: 0.84930556
A30: MAITLAND | B30: -33.92465193392986, 18.487001988940953 | D30: 0.22291667 | H30: 0.275 | N30: 0.32708333 | Q30: 0.37569444 | V30: 0.42430556 | Y30: 0.47986111 | AF30: 0.58402778 | AI30: 0.67777778 | AN30: 0.72777778 | AR30: 0.78055556 | AU30: 0.82361111 | AW30: 0.85138889
A31: KOEBERG RD | B31: -33.92570961024241, 18.47887742815667 | D31: 0.225 | H31: 0.27708333 | N31: 0.32916667 | Q31: 0.37777778 | V31: 0.42638889 | Y31: 0.48194444 | AF31: 0.58611111 | AI31: 0.67986111 | AN31: 0.72986111 | AR31: 0.78263889 | AU31: 0.82569444 | AW31: 0.85347222
A32: SALT RIVER | B32: -33.92754558428959, 18.464689555116372 | D32: 0.22708333 | H32: 0.27916667 | N32: 0.33125 | Q32: 0.37986111 | V32: 0.42847222 | Y32: 0.48402778 | AF32: 0.58819444 | AI32: 0.68194444 | AN32: 0.73194444 | AR32: 0.78472222 | AU32: 0.82777778 | AW32: 0.85555556
A33: WOODSTOCK | B33: -33.925058308184404, 18.44613913370814 | D33: 0.23055556 | H33: 0.28263889 | N33: 0.33472222 | Q33: 0.38333333 | V33: 0.43194444 | Y33: 0.4875 | AF33: 0.59166667 | AI33: 0.68541667 | AN33: 0.73541667 | AR33: 0.78819444 | AU33: 0.83125 | AW33: 0.85902778
A34: CAPE TOWN | B34: -33.92363127060243, 18.42718648501388 | C34: 0.23611111 | D34: 0.23472222 | E34: 0.25694444 | F34: 0.26736111 | H34: 0.28680556 | I34: 0.29930556 | K34: 0.31041667 | M34: 0.34236111 | N34: 0.33888889 | O34: 0.36111111 | P34: 0.38888889 | Q34: 0.3875 | S34: 0.41805556 | U34: 0.43888889 | V34: 0.43611111 | X34: 0.48472222 | Y34: 0.49166667 | AA34: 0.54166667 | AC34: 0.58680556 | AE34: 0.60069444 | AF34: 0.59583333 | AH34: 0.68055556 | AI34: 0.68958333 | AK34: 0.67847222 | AM34: 0.73611111 | AN34: 0.73958333 | AO34: 0.75 | AQ34: 0.78819444 | AR34: 0.79236111 | AT34: 0.81388889 | AU34: 0.83541667 | AV34: 0.85069444 | AW34: 0.86319444

Sheet CEN_OUT_WK_MASTER
A1: Last Updated: | B1: Unspecified | C1: Z1 | D1: =SORT(A2:A14, ROW(A2:A14), 0)
A2: STATION | B2: COORDINATES | C2: 9703 | D2: 9501 | E2: 9901 | F2: 9001 | G2: 9301 | H2: 9401 | I2: 9503 | J2: 9003 | K2: 9903 | L2: 9005 | M2: 9505 | N2: 9403 | O2: 9905 | P2: 9007 | Q2: 9507 | R2: 9405 | S2: 9009 | T2: 9907 | U2: 9509 | V2: 9011 | W2: 9909 | X2: 9013 | Y2: 9911 | Z2: 9407 | AA2: 9015 | AB2: 9511 | AC2: 9913 | AD2: 9017 | AE2: 9513 | AF2: 9409 | AG2: 9915 | AH2: 9019 | AI2: 9515 | AJ2: 9411 | AK2: 9917 | AL2: 9021 | AM2: 9517 | AN2: 9023 | AO2: 9413 | AP2: 9919 | AQ2: 9519 | AR2: 9025 | AS2: 9415 | AT2: 9027 | AU2: 9521 | AV2: 9921
A3: CAPE TOWN | B3: -33.92363127060243, 18.42718648501388 | C3: 0.14930556 | D3: 0.19444444 | E3: 0.2 | G3: 0.21666667 | H3: 0.24305556 | I3: 0.24652778 | K3: 0.25347222 | M3: 0.3 | N3: 0.29513889 | O3: 0.30555556 | Q3: 0.34722222 | R3: 0.34930556 | T3: 0.375 | U3: 0.39236111 | W3: 0.43055556 | Y3: 0.48611111 | Z3: 0.49652778 | AB3: 0.50694444 | AC3: 0.55902778 | AE3: 0.60277778 | AF3: 0.59027778 | AG3: 0.625 | AI3: 0.64583333 | AJ3: 0.64930556 | AK3: 0.67708333 | AM3: 0.70138889 | AO3: 0.72430556 | AP3: 0.73263889 | AQ3: 0.74652778 | AS3: 0.75694444 | AU3: 0.80069444 | AV3: 0.80208333
A4: WOODSTOCK | B4: -33.925058308184404, 18.44613913370814 | D4: 0.19652778 | G4: 0.21875 | I4: 0.24861111 | M4: 0.30208333 | Q4: 0.34930556 | U4: 0.39444444 | AB4: 0.50902778 | AE4: 0.60486111 | AI4: 0.64791667 | AM4: 0.70347222 | AQ4: 0.74861111 | AU4: 0.80277778
A5: SALT RIVER | B5: -33.92754558428959, 18.464689555116372 | D5: 0.19861111 | G5: 0.22083333 | I5: 0.25069444 | M5: 0.30416667 | Q5: 0.35138889 | U5: 0.39652778 | AB5: 0.51111111 | AE5: 0.60694444 | AI5: 0.65 | AM5: 0.70555556 | AQ5: 0.75069444 | AU5: 0.80486111
A6: KOEBERG RD | B6: -33.92570961024241, 18.47887742815667 | D6: 0.2 | G6: 0.22222222 | I6: 0.25208333 | M6: 0.30555556 | Q6: 0.35277778 | U6: 0.39791667 | AB6: 0.5125 | AE6: 0.60833333 | AI6: 0.65138889 | AM6: 0.70694444 | AQ6: 0.75208333 | AU6: 0.80625
A7: MAITLAND | B7: -33.92465193392986, 18.487001988940953 | D7: 0.20138889 | G7: 0.22361111 | I7: 0.25347222 | M7: 0.30694444 | Q7: 0.35416667 | U7: 0.39930556 | AB7: 0.51388889 | AE7: 0.60972222 | AI7: 0.65277778 | AM7: 0.70833333 | AQ7: 0.75347222 | AU7: 0.80763889
A8: NDABENI | B8: -33.928548273196824, 18.495159894144553 | D8: 0.20347222 | G8: 0.22569444 | I8: 0.25555556 | M8: 0.30902778 | Q8: 0.35625 | U8: 0.40138889 | AB8: 0.51597222 | AE8: 0.61180556 | AI8: 0.65486111 | AM8: 0.71041667 | AQ8: 0.75555556 | AU8: 0.80972222
A9: PINELANDS | B9: -33.93964476336891, 18.490635019900687 | D9: 0.20555556 | G9: 0.22777778 | I9: 0.25763889 | M9: 0.31111111 | Q9: 0.35833333 | U9: 0.40347222 | AB9: 0.51805556 | AE9: 0.61388889 | AI9: 0.65694444 | AM9: 0.7125 | AQ9: 0.75763889 | AU9: 0.81180556
A10: ESPLANADE | B10: -33.923640784366874, 18.446037955514498 | C10: 0.15625 | E10: 0.20694444 | H10: 0.25 | K10: 0.26041667 | N10: 0.30208333 | O10: 0.3125 | R10: 0.35625 | T10: 0.38194444 | W10: 0.4375 | Y10: 0.49305556 | Z10: 0.50347222 | AC10: 0.56597222 | AF10: 0.59722222 | AG10: 0.63194444 | AJ10: 0.65625 | AK10: 0.68402778 | AO10: 0.73125 | AP10: 0.73958333 | AS10: 0.76388889 | AV10: 0.80902778
A11: YSTERPLAAT | B11: -33.9199022523178, 18.476775305514295 | C11: 0.16458333 | E11: 0.21527778 | H11: 0.25833333 | K11: 0.26875 | N11: 0.31041667 | O11: 0.32083333 | R11: 0.36458333 | T11: 0.39027778 | W11: 0.44583333 | Y11: 0.50138889 | Z11: 0.51180556 | AC11: 0.57430556 | AF11: 0.60555556 | AG11: 0.64027778 | AJ11: 0.66458333 | AK11: 0.69236111 | AO11: 0.73958333 | AP11: 0.74791667 | AS11: 0.77222222 | AV11: 0.81736111
A12: MUTUAL | B12: -33.92209345116931, 18.511988082500565 | C12: 0.16805556 | E12: 0.21875 | F12: 0.23263889 | H12: 0.26180556 | J12: 0.26736111 | K12: 0.27222222 | L12: 0.28819444 | N12: 0.31388889 | O12: 0.32430556 | P12: 0.32986111 | R12: 0.36805556 | S12: 0.38541667 | T12: 0.39375 | V12: 0.40625 | W12: 0.44930556 | X12: 0.46180556 | Y12: 0.50486111 | Z12: 0.51527778 | AA12: 0.52083333 | AC12: 0.57777778 | AD12: 0.58333333 | AF12: 0.60902778 | AG12: 0.64375 | AH12: 0.65277778 | AJ12: 0.66805556 | AK12: 0.69583333 | AL12: 0.70138889 | AN12: 0.72222222 | AO12: 0.74305556 | AP12: 0.75138889 | AR12: 0.76388889 | AS12: 0.77569444 | AT12: 0.79166667 | AV12: 0.82083333
A13: LANGA | B13: -33.938934072196076, 18.52974423065194 | C13: 0.17152778 | D13: 0.20972222 | E13: 0.22222222 | F13: 0.23611111 | G13: 0.23194444 | H13: 0.26527778 | I13: 0.26180556 | J13: 0.27083333 | K13: 0.27569444 | L13: 0.29166667 | M13: 0.31527778 | N13: 0.31736111 | O13: 0.32777778 | P13: 0.33333333 | Q13: 0.3625 | R13: 0.37152778 | S13: 0.38888889 | T13: 0.39722222 | U13: 0.40763889 | V13: 0.40972222 | W13: 0.45277778 | X13: 0.46527778 | Y13: 0.50833333 | Z13: 0.51875 | AA13: 0.52430556 | AB13: 0.52222222 | AC13: 0.58125 | AD13: 0.58680556 | AE13: 0.61805556 | AF13: 0.6125 | AG13: 0.64722222 | AH13: 0.65625 | AI13: 0.66111111 | AJ13: 0.67152778 | AK13: 0.69930556 | AL13: 0.70486111 | AM13: 0.71666667 | AN13: 0.72569444 | AO13: 0.74652778 | AP13: 0.75486111 | AQ13: 0.76180556 | AR13: 0.76736111 | AS13: 0.77916667 | AT13: 0.79513889 | AU13: 0.81597222 | AV13: 0.82430556
A14: BONTEHEUWEL | B14: -33.94185049480737, 18.549579817876847 | C14: 0.17291667 | D14: 0.21111111 | E14: 0.22361111 | F14: 0.2375 | G14: 0.23333333 | H14: 0.26666667 | I14: 0.26319444 | J14: 0.27222222 | K14: 0.27708333 | L14: 0.29305556 | M14: 0.31666667 | N14: 0.31875 | O14: 0.32916667 | P14: 0.33472222 | Q14: 0.36388889 | R14: 0.37291667 | S14: 0.39027778 | T14: 0.39861111 | U14: 0.40902778 | V14: 0.41111111 | W14: 0.45416667 | X14: 0.46666667 | Y14: 0.50972222 | Z14: 0.52013889 | AA14: 0.52569444 | AB14: 0.52361111 | AC14: 0.58263889 | AD14: 0.58819444 | AE14: 0.61944444 | AF14: 0.61388889 | AG14: 0.64861111 | AH14: 0.65763889 | AI14: 0.6625 | AJ14: 0.67291667 | AK14: 0.70069444 | AL14: 0.70625 | AM14: 0.71805556 | AN14: 0.72708333 | AO14: 0.74791667 | AP14: 0.75625 | AQ14: 0.76319444 | AR14: 0.76875 | AS14: 0.78055556 | AT14: 0.79652778 | AU14: 0.81736111 | AV14: 0.82569444
A15: NETREG | B15: -33.952666168847884, 18.56356622880313 | C15: 0.17430556 | D15: 0.2125 | E15: 0.225 | G15: 0.23472222 | H15: 0.26805556 | I15: 0.26458333 | K15: 0.27847222 | M15: 0.31805556 | N15: 0.32013889 | O15: 0.33055556 | Q15: 0.36527778 | R15: 0.37430556 | T15: 0.4 | U15: 0.41041667 | W15: 0.45555556 | Y15: 0.51111111 | Z15: 0.52152778 | AB15: 0.525 | AC15: 0.58402778 | AE15: 0.62083333 | AF15: 0.61527778 | AG15: 0.65 | AI15: 0.66388889 | AJ15: 0.67430556 | AK15: 0.70208333 | AM15: 0.71944444 | AO15: 0.74930556 | AP15: 0.75763889 | AQ15: 0.76458333 | AS15: 0.78194444 | AU15: 0.81875 | AV15: 0.82708333
A16: HEIDEVELD | B16: -33.969594701133275, 18.56187725551686 | C16: 0.175 | D16: 0.21319444 | E16: 0.22569444 | G16: 0.23541667 | H16: 0.26875 | I16: 0.26527778 | K16: 0.27916667 | M16: 0.31875 | N16: 0.32083333 | O16: 0.33125 | Q16: 0.36597222 | R16: 0.375 | T16: 0.40069444 | U16: 0.41111111 | W16: 0.45625 | Y16: 0.51180556 | Z16: 0.52222222 | AB16: 0.52569444 | AC16: 0.58472222 | AE16: 0.62152778 | AF16: 0.61597222 | AG16: 0.65069444 | AI16: 0.66458333 | AJ16: 0.675 | AK16: 0.70277778 | AM16: 0.72013889 | AO16: 0.75 | AP16: 0.75833333 | AQ16: 0.76527778 | AS16: 0.78263889 | AU16: 0.81944444 | AV16: 0.82777778
A17: NYANGA | B17: -33.99271379632963, 18.559776951819032 | C17: 0.17777778 | D17: 0.21597222 | E17: 0.22847222 | G17: 0.23819444 | H17: 0.27152778 | I17: 0.26805556 | K17: 0.28194444 | M17: 0.32152778 | N17: 0.32361111 | O17: 0.33402778 | Q17: 0.36875 | R17: 0.37777778 | T17: 0.40347222 | U17: 0.41388889 | W17: 0.45902778 | Y17: 0.51458333 | Z17: 0.525 | AB17: 0.52847222 | AC17: 0.5875 | AE17: 0.62430556 | AF17: 0.61875 | AG17: 0.65347222 | AI17: 0.66736111 | AJ17: 0.67777778 | AK17: 0.70555556 | AM17: 0.72291667 | AO17: 0.75277778 | AP17: 0.76111111 | AQ17: 0.76805556 | AS17: 0.78541667 | AU17: 0.82222222 | AV17: 0.83055556
A18: PHILIPPI | B18: -34.01328895709482, 18.584421561340882 | C18: 0.18194444 | D18: 0.22013889 | E18: 0.23263889 | G18: 0.24236111 | H18: 0.27569444 | I18: 0.27222222 | K18: 0.28611111 | M18: 0.32569444 | N18: 0.32777778 | O18: 0.33819444 | Q18: 0.37291667 | R18: 0.38194444 | T18: 0.40763889 | U18: 0.41805556 | W18: 0.46319444 | Y18: 0.51875 | Z18: 0.52916667 | AB18: 0.53263889 | AC18: 0.59166667 | AE18: 0.62847222 | AF18: 0.62083333 | AG18: 0.65763889 | AI18: 0.67152778 | AJ18: 0.68194444 | AK18: 0.70972222 | AM18: 0.72708333 | AO18: 0.75694444 | AP18: 0.76527778 | AQ18: 0.77222222 | AS18: 0.78958333 | AU18: 0.82638889 | AV18: 0.83263889
A19: LENTEGEUR | B19: -34.03418971685345, 18.611322738328173 | D19: 0.22569444 | I19: 0.27777778 | M19: 0.33125 | Q19: 0.37847222 | U19: 0.42361111 | AB19: 0.53819444 | AE19: 0.63402778 | AI19: 0.67708333 | AM19: 0.73263889 | AQ19: 0.77777778 | AU19: 0.83194444
A20: MITCHELL'S PLAIN | B20: -34.0504610838304, 18.619222253671435 | D20: 0.23055556 | I20: 0.28263889 | M20: 0.33611111 | Q20: 0.38333333 | U20: 0.42847222 | AB20: 0.54305556 | AE20: 0.63888889 | AI20: 0.68194444 | AM20: 0.7375 | AQ20: 0.78263889 | AU20: 0.83680556
A21: KAPTEINSKLIP | B21: -34.06755873543257, 18.620534480658506 | D21: 0.23402778 | I21: 0.28611111 | M21: 0.33958333 | Q21: 0.38680556 | U21: 0.43194444 | AB21: 0.54652778 | AE21: 0.64236111 | AI21: 0.68541667 | AM21: 0.74097222 | AQ21: 0.78611111 | AU21: 0.84027778
A22: STOCK ROAD | B22: -34.01412292128464, 18.606174209491407 | C22: 0.18472222 | E22: 0.23541667 | G22: 0.24513889 | H22: 0.27847222 | K22: 0.28888889 | N22: 0.33055556 | O22: 0.34097222 | R22: 0.38472222 | T22: 0.41041667 | W22: 0.46597222 | Y22: 0.52152778 | Z22: 0.53194444 | AC22: 0.59444444 | AF22: 0.62361111 | AG22: 0.66041667 | AJ22: 0.68472222 | AK22: 0.7125 | AO22: 0.75972222 | AP22: 0.76805556 | AS22: 0.79236111 | AV22: 0.83541667
A23: MANDALAY | B23: -34.019015667481014, 18.624391145998562 | C23: 0.1875 | E23: 0.23819444 | G23: 0.24791667 | H23: 0.28125 | K23: 0.29166667 | N23: 0.33333333 | O23: 0.34375 | R23: 0.3875 | T23: 0.41319444 | W23: 0.46875 | Y23: 0.52430556 | Z23: 0.53472222 | AC23: 0.59722222 | AF23: 0.62638889 | AG23: 0.66319444 | AJ23: 0.6875 | AK23: 0.71527778 | AO23: 0.7625 | AP23: 0.77083333 | AS23: 0.79513889 | AV23: 0.83819444
A24: NOLUNGILE | B24: -34.016811809063164, 18.64902361716287 | C24: 0.18819444 | E24: 0.24097222 | G24: 0.25069444 | H24: 0.28402778 | K24: 0.29444444 | N24: 0.33611111 | O24: 0.34652778 | R24: 0.39027778 | T24: 0.41597222 | W24: 0.47152778 | Y24: 0.52708333 | Z24: 0.5375 | AC24: 0.6 | AF24: 0.63194444 | AG24: 0.66597222 | AJ24: 0.69027778 | AK24: 0.71805556 | AO24: 0.76527778 | AP24: 0.77361111 | AS24: 0.79861111 | AV24: 0.84097222
A25: NONKQUBELA | B25: -34.02681746271161, 18.663190611341626 | E25: 0.24375 | K25: 0.29722222 | O25: 0.34930556 | T25: 0.41875 | W25: 0.47430556 | Y25: 0.52986111 | AC25: 0.60277778 | AG25: 0.66875 | AK25: 0.72083333 | AP25: 0.77638889 | AV25: 0.84375
A26: KHAYELITSHA | B26: -34.047943373751565, 18.67073769040669 | E26: 0.24652778 | K26: 0.3 | O26: 0.35208333 | T26: 0.42152778 | W26: 0.47708333 | Y26: 0.53263889 | AC26: 0.60555556 | AG26: 0.67152778 | AK26: 0.72361111 | AP26: 0.77916667 | AV26: 0.84652778
A27: KUYASA | B27: -34.05489939537871, 18.692323957717754 | E27: 0.24861111 | K27: 0.30208333 | O27: 0.35416667 | T27: 0.42361111 | W27: 0.47916667 | Y27: 0.53472222 | AC27: 0.60763889 | AG27: 0.67361111 | AK27: 0.72569444 | AP27: 0.78125 | AV27: 0.84861111
A28: CHRIS HANI | B28: -34.054706073305944, 18.710707924836054 | E28: 0.25138889 | K28: 0.30486111 | O28: 0.35486111 | T28: 0.42638889 | W28: 0.47986111 | Y28: 0.5375 | AC28: 0.61041667 | AG28: 0.67430556 | AK28: 0.72847222 | AP28: 0.78402778 | AV28: 0.85138889
A29: LAVISTOWN | B29: -33.943269567798055, 18.583722311337315 | F29: 0.23958333 | J29: 0.27430556 | L29: 0.29513889 | P29: 0.33680556 | S29: 0.39236111 | V29: 0.41319444 | X29: 0.46875 | AA29: 0.52777778 | AD29: 0.59027778 | AH29: 0.65972222 | AL29: 0.70833333 | AN29: 0.72916667 | AR29: 0.77083333 | AT29: 0.79861111
A30: BELHAR | B30: -33.93959717971092, 18.60894476900841 | F30: 0.24305556 | J30: 0.27777778 | L30: 0.29861111 | P30: 0.34027778 | S30: 0.39583333 | V30: 0.41666667 | X30: 0.47222222 | AA30: 0.53125 | AD30: 0.59375 | AH30: 0.66319444 | AL30: 0.71180556 | AN30: 0.73263889 | AR30: 0.77430556 | AT30: 0.80208333
A31: UNIBELL | B31: -33.93686354314193, 18.628117540172582 | F31: 0.24513889 | J31: 0.27986111 | L31: 0.30069444 | P31: 0.34236111 | S31: 0.39791667 | V31: 0.41875 | X31: 0.47430556 | AA31: 0.53333333 | AD31: 0.59583333 | AH31: 0.66527778 | AL31: 0.71388889 | AN31: 0.73472222 | AR31: 0.77638889 | AT31: 0.80416667
A32: PENTECH | B32: -33.93468015167005, 18.646053668734744 | F32: 0.24791667 | J32: 0.28263889 | L32: 0.30347222 | P32: 0.34513889 | S32: 0.40069444 | V32: 0.42152778 | X32: 0.47708333 | AA32: 0.53611111 | AD32: 0.59861111 | AH32: 0.66805556 | AL32: 0.71666667 | AN32: 0.7375 | AR32: 0.77916667 | AT32: 0.80694444
A33: SAREPTA | B33: -33.92655594121331, 18.661143180651308 | F33: 0.25 | J33: 0.28472222 | L33: 0.30555556 | P33: 0.34722222 | S33: 0.40277778 | V33: 0.42361111 | X33: 0.47916667 | AA33: 0.53819444 | AD33: 0.60069444 | AH33: 0.67013889 | AL33: 0.71875 | AN33: 0.73958333 | AR33: 0.78125 | AT33: 0.80902778
A34: BELLVILLE | B34: -33.906263459762684, 18.62662128465745 | F34: 0.25347222 | J34: 0.28819444 | L34: 0.30902778 | P34: 0.35069444 | S34: 0.40625 | V34: 0.42708333 | X34: 0.48263889 | AA34: 0.54166667 | AD34: 0.60416667 | AH34: 0.67361111 | AL34: 0.72222222 | AN34: 0.74305556 | AR34: 0.78472222 | AT34: 0.8125

Sheet CEN_IN_SAT_MASTER
A1: Last Updated: | B1: Unspecified | C1: Z1
A2: STATION | B2: COORDINATES | C2: 9400 | D2: 9500 | E2: 9900 | F2: 9002 | G2: 9402 | H2: 9502 | I2: 9902 | J2: 9004 | K2: 9404 | L2: 9504 | M2: 9904 | N2: 9008 | O2: 9406 | P2: 9506 | Q2: 9906 | R2: 9508 | S2: 9008 | T2: 9908 | U2: 9510 | V2: 9010 | W2: 9910 | X2: 9512 | Y2: 9408 | Z2: 9514 | AA2: 9012 | AB2: 9912
A3: BELLVILLE | B3: -33.906263459762684, 18.62662128465745 | F3: 0.24305556 | J3: 0.30555556 | N3: 0.36111111 | S3: 0.45138889 | V3: 0.50694444 | AA3: 0.5625
A4: SAREPTA | B4: -33.92655594121331, 18.661143180651308 | F4: 0.24722222 | J4: 0.30972222 | N4: 0.36527778 | S4: 0.45555556 | V4: 0.51111111 | AA4: 0.56666667
A5: PENTECH | B5: -33.93468015167005, 18.646053668734744 | F5: 0.24930556 | J5: 0.31180556 | N5: 0.36736111 | S5: 0.45763889 | V5: 0.51319444 | AA5: 0.56875
A6: UNIBELL | B6: -33.93686354314193, 18.628117540172582 | F6: 0.25208333 | J6: 0.31458333 | N6: 0.37013889 | S6: 0.46041667 | V6: 0.51597222 | AA6: 0.57152778
A7: BELHAR | B7: -33.93959717971092, 18.60894476900841 | F7: 0.25486111 | J7: 0.31736111 | N7: 0.37291667 | S7: 0.46319444 | V7: 0.51875 | AA7: 0.57430556
A8: LAVISTOWN | B8: -33.943269567798055, 18.583722311337315 | F8: 0.25694444 | J8: 0.31944444 | N8: 0.375 | S8: 0.46527778 | V8: 0.52083333 | AA8: 0.57638889
A9: CHRIS HANI | B9: -34.054706073305944, 18.710707924836054 | E9: 0.21527778 | I9: 0.28472222 | M9: 0.34166667 | Q9: 0.40277778 | T9: 0.45486111 | W9: 0.50694444 | AB9: 0.60416667
A10: KUYASA | B10: -34.05489939537871, 18.692323957717754 | E10: 0.21805556 | I10: 0.2875 | M10: 0.34444444 | Q10: 0.40555556 | T10: 0.45763889 | W10: 0.50972222 | AB10: 0.60694444
A11: KHAYELITSHA | B11: -34.047943373751565, 18.67073769040669 | E11: 0.22013889 | I11: 0.28958333 | M11: 0.34652778 | Q11: 0.40763889 | T11: 0.45972222 | W11: 0.51180556 | AB11: 0.60902778
A12: NONKQUBELA | B12: -34.02681746271161, 18.663190611341626 | E12: 0.22291667 | I12: 0.29236111 | M12: 0.34930556 | Q12: 0.41041667 | T12: 0.4625 | W12: 0.51458333 | AB12: 0.61180556
A13: NOLUNGILE | B13: -34.016811809063164, 18.64902361716287 | C13: 0.19444444 | E13: 0.22569444 | G13: 0.25833333 | I13: 0.29513889 | K13: 0.31597222 | M13: 0.35208333 | O13: 0.37152778 | Q13: 0.41319444 | T13: 0.46527778 | W13: 0.51736111 | Y13: 0.54513889 | AB13: 0.61458333
A14: MANDALAY | B14: -34.019015667481014, 18.624391145998562 | C14: 0.19722222 | E14: 0.22847222 | G14: 0.26111111 | I14: 0.29791667 | K14: 0.31875 | M14: 0.35486111 | O14: 0.37430556 | Q14: 0.41597222 | T14: 0.46805556 | W14: 0.52013889 | Y14: 0.54791667 | AB14: 0.61736111
A15: STOCK ROAD | B15: -34.01412292128464, 18.606174209491407 | C15: 0.19930556 | E15: 0.23055556 | G15: 0.26319444 | I15: 0.3 | K15: 0.32083333 | M15: 0.35694444 | O15: 0.37638889 | Q15: 0.41805556 | T15: 0.47013889 | W15: 0.52222222 | Y15: 0.55 | AB15: 0.61944444
A16: KAPTEINSKLIP | B16: -34.06755873543257, 18.620534480658506 | D16: 0.19791667 | H16: 0.27569444 | L16: 0.32291667 | P16: 0.375 | R16: 0.42847222 | U16: 0.48611111 | X16: 0.52777778 | Z16: 0.58680556
A17: MITCHELL'S PLAIN | B17: -34.0504610838304, 18.619222253671435 | D17: 0.20347222 | H17: 0.28125 | L17: 0.32847222 | P17: 0.38055556 | R17: 0.43402778 | U17: 0.49166667 | X17: 0.53333333 | Z17: 0.59236111
A18: LENTEGEUR | B18: -34.03418971685345, 18.611322738328173 | D18: 0.20833333 | H18: 0.28611111 | L18: 0.33333333 | P18: 0.38541667 | R18: 0.43888889 | U18: 0.49652778 | X18: 0.53819444 | Z18: 0.59722222
A19: PHILIPPI | B19: -34.01328895709482, 18.584421561340882 | C19: 0.20277778 | D19: 0.21180556 | E19: 0.23402778 | G19: 0.26666667 | H19: 0.28958333 | I19: 0.30347222 | K19: 0.32430556 | L19: 0.33680556 | M19: 0.36041667 | O19: 0.37986111 | P19: 0.38888889 | Q19: 0.42152778 | R19: 0.44236111 | T19: 0.47361111 | U19: 0.5 | W19: 0.52569444 | X19: 0.54166667 | Y19: 0.55347222 | Z19: 0.60069444 | AB19: 0.62291667
A20: NYANGA | B20: -33.99271379632963, 18.559776951819032 | C20: 0.20555556 | D20: 0.21458333 | E20: 0.23680556 | G20: 0.26944444 | H20: 0.29236111 | I20: 0.30625 | K20: 0.32708333 | L20: 0.33958333 | M20: 0.36319444 | O20: 0.38263889 | P20: 0.39166667 | Q20: 0.42430556 | R20: 0.44513889 | T20: 0.47638889 | U20: 0.50277778 | W20: 0.52847222 | X20: 0.54444444 | Y20: 0.55625 | Z20: 0.60347222 | AB20: 0.62569444
A21: BONTEHEUWEL | B21: -33.94185049480737, 18.549579817876847 | C21: 0.20972222 | D21: 0.21875 | E21: 0.24027778 | F21: 0.25833333 | G21: 0.27361111 | H21: 0.29652778 | I21: 0.31041667 | J21: 0.32083333 | K21: 0.33125 | L21: 0.34375 | M21: 0.36736111 | N21: 0.37638889 | O21: 0.38680556 | P21: 0.39583333 | Q21: 0.42847222 | R21: 0.44930556 | S21: 0.46666667 | T21: 0.48055556 | U21: 0.50694444 | V21: 0.52222222 | W21: 0.53263889 | X21: 0.54861111 | Y21: 0.56041667 | Z21: 0.60763889 | AA21: 0.57777778 | AB21: 0.62986111
A22: LANGA | B22: -33.938934072196076, 18.52974423065194 | C22: 0.21180556 | D22: 0.22083333 | E22: 0.24236111 | F22: 0.26041667 | G22: 0.27569444 | H22: 0.29861111 | I22: 0.3125 | J22: 0.32291667 | K22: 0.33333333 | L22: 0.34583333 | M22: 0.36944444 | N22: 0.37847222 | O22: 0.38888889 | P22: 0.39791667 | Q22: 0.43055556 | R22: 0.45138889 | S22: 0.46875 | T22: 0.48263889 | U22: 0.50902778 | V22: 0.52430556 | W22: 0.53472222 | X22: 0.55069444 | Y22: 0.5625 | Z22: 0.60972222 | AA22: 0.57986111 | AB22: 0.63194444
A23: MUTUAL | B23: -33.92209345116931, 18.511988082500565 | C23: 0.21527778 | E23: 0.24583333 | F23: 0.26388889 | G23: 0.27916667 | I23: 0.31597222 | J23: 0.32638889 | K23: 0.33680556 | M23: 0.37291667 | N23: 0.38194444 | O23: 0.39236111 | Q23: 0.43402778 | S23: 0.47222222 | T23: 0.48611111 | V23: 0.52777778 | W23: 0.53819444 | Y23: 0.56597222 | AA23: 0.58333333 | AB23: 0.63541667
A24: YSTERPLAAT | B24: -33.9199022523178, 18.476775305514295 | C24: 0.22152778 | E24: 0.25208333 | G24: 0.28541667 | I24: 0.32222222 | K24: 0.34305556 | M24: 0.37916667 | O24: 0.39861111 | Q24: 0.44027778 | T24: 0.49236111 | W24: 0.54444444 | Y24: 0.57222222 | AB24: 0.64166667
A25: ESPLANADE | B25: -33.923640784366874, 18.446037955514498 | C25: 0.22986111 | E25: 0.26041667 | G25: 0.29375 | I25: 0.33055556 | K25: 0.35138889 | M25: 0.3875 | O25: 0.40694444 | Q25: 0.44861111 | T25: 0.50069444 | W25: 0.55277778 | Y25: 0.58055556 | AB25: 0.65
A26: PINELANDS | B26: -33.93964476336891, 18.490635019900687 | D26: 0.22291667 | H26: 0.30069444 | L26: 0.34791667 | P26: 0.4 | R26: 0.45347222 | U26: 0.51111111 | X26: 0.55277778 | Z26: 0.61180556
A27: NDABENI | B27: -33.928548273196824, 18.495159894144553 | D27: 0.22430556 | H27: 0.30208333 | L27: 0.34930556 | P27: 0.40138889 | R27: 0.45486111 | U27: 0.5125 | X27: 0.55416667 | Z27: 0.61319444
A28: MAITLAND | B28: -33.92465193392986, 18.487001988940953 | D28: 0.22638889 | H28: 0.30416667 | L28: 0.35138889 | P28: 0.40347222 | R28: 0.45694444 | U28: 0.51458333 | X28: 0.55625 | Z28: 0.61527778
A29: KOEBERG RD | B29: -33.92570961024241, 18.47887742815667 | D29: 0.22847222 | H29: 0.30625 | L29: 0.35347222 | P29: 0.40555556 | R29: 0.45902778 | U29: 0.51666667 | X29: 0.55833333 | Z29: 0.61736111
A30: SALT RIVER | B30: -33.92754558428959, 18.464689555116372 | D30: 0.23055556 | H30: 0.30833333 | L30: 0.35555556 | P30: 0.40763889 | R30: 0.46111111 | U30: 0.51875 | X30: 0.56041667 | Z30: 0.61944444
A31: WOODSTOCK | B31: -33.925058308184404, 18.44613913370814 | D31: 0.23402778 | H31: 0.31180556 | L31: 0.35902778 | P31: 0.41111111 | R31: 0.46458333 | U31: 0.52222222 | X31: 0.56388889 | Z31: 0.62291667
A32: CAPE TOWN | B32: -33.92363127060243, 18.42718648501388 | C32: 0.23611111 | D32: 0.23819444 | E32: 0.26736111 | G32: 0.3 | H32: 0.31597222 | I32: 0.33680556 | K32: 0.35763889 | L32: 0.36319444 | M32: 0.39375 | O32: 0.41388889 | P32: 0.41527778 | Q32: 0.45486111 | R32: 0.46875 | T32: 0.50694444 | U32: 0.52638889 | W32: 0.55902778 | X32: 0.56805556 | Y32: 0.58680556 | Z32: 0.62708333 | AB32: 0.65625

Sheet CEN_OUT_SAT_MASTER
A1: Last Updated: | B1: Unspecified
A2: STATION | B2: COORDINATES | C2: 9401 | D2: 9501 | E2: 9901 | F2: 9503 | G2: 9001 | H2: 9403 | I2: 9903 | J2: 9003 | K2: 9505 | L2: 9405 | M2: 9905 | N2: 9005 | O2: 9507 | P2: 9907 | Q2: 9509 | R2: 9909 | S2: 9007 | T2: 9511 | U2: 9407 | V2: 9009 | W2: 9513 | X2: 9911
A3: CAPE TOWN | B3: -33.92363127060243, 18.42718648501388 | C3: 0.20972222 | D3: 0.22916667 | E3: 0.22916667 | F3: 0.27430556 | H3: 0.26388889 | I3: 0.28472222 | K3: 0.32291667 | L3: 0.32291667 | M3: 0.34375 | O3: 0.38194444 | P3: 0.39583333 | Q3: 0.43055556 | R3: 0.45138889 | T3: 0.47916667 | U3: 0.5 | W3: 0.53819444 | X3: 0.54861111
A4: WOODSTOCK | B4: -33.925058308184404, 18.44613913370814 | D4: 0.23125 | F4: 0.27638889 | K4: 0.325 | O4: 0.38402778 | Q4: 0.43263889 | T4: 0.48125 | W4: 0.54027778
A5: SALT RIVER | B5: -33.92754558428959, 18.464689555116372 | D5: 0.23333333 | F5: 0.27847222 | K5: 0.32708333 | O5: 0.38611111 | Q5: 0.43472222 | T5: 0.48333333 | W5: 0.54236111
A6: KOEBERG RD | B6: -33.92570961024241, 18.47887742815667 | D6: 0.23472222 | F6: 0.27986111 | K6: 0.32847222 | O6: 0.3875 | Q6: 0.43611111 | T6: 0.48472222 | W6: 0.54375
A7: MAITLAND | B7: -33.92465193392986, 18.487001988940953 | D7: 0.23611111 | F7: 0.28125 | K7: 0.32986111 | O7: 0.38888889 | Q7: 0.4375 | T7: 0.48611111 | W7: 0.54513889
A8: NDABENI | B8: -33.928548273196824, 18.495159894144553 | D8: 0.23819444 | F8: 0.28333333 | K8: 0.33194444 | O8: 0.39097222 | Q8: 0.43958333 | T8: 0.48819444 | W8: 0.54722222
A9: PINELANDS | B9: -33.93964476336891, 18.490635019900687 | D9: 0.24027778 | F9: 0.28541667 | K9: 0.33402778 | O9: 0.39305556 | Q9: 0.44166667 | T9: 0.49027778 | W9: 0.54930556
A10: ESPLANADE | B10: -33.923640784366874, 18.446037955514498 | C10: 0.21666667 | E10: 0.23611111 | H10: 0.27083333 | I10: 0.29166667 | L10: 0.32986111 | M10: 0.35069444 | P10: 0.40277778 | R10: 0.45833333 | U10: 0.50694444 | X10: 0.55555556
A11: YSTERPLAAT | B11: -33.9199022523178, 18.476775305514295 | C11: 0.225 | E11: 0.24444444 | H11: 0.27916667 | I11: 0.3 | L11: 0.33819444 | M11: 0.35902778 | P11: 0.41111111 | R11: 0.46666667 | U11: 0.51527778 | X11: 0.56388889
A12: MUTUAL | B12: -33.92209345116931, 18.511988082500565 | C12: 0.22847222 | E12: 0.24791667 | G12: 0.27083333 | H12: 0.28263889 | I12: 0.30347222 | J12: 0.33333333 | L12: 0.34166667 | M12: 0.3625 | N12: 0.38888889 | P12: 0.41458333 | R12: 0.47013889 | S12: 0.47916667 | U12: 0.51875 | V12: 0.53472222 | X12: 0.56736111
A13: LANGA | B13: -33.938934072196076, 18.52974423065194 | C13: 0.23194444 | D13: 0.24444444 | E13: 0.25138889 | F13: 0.28958333 | G13: 0.27430556 | H13: 0.28611111 | I13: 0.30694444 | J13: 0.33680556 | K13: 0.33819444 | L13: 0.34513889 | M13: 0.36597222 | N13: 0.39236111 | O13: 0.39722222 | P13: 0.41805556 | Q13: 0.44583333 | R13: 0.47361111 | S13: 0.48263889 | T13: 0.49444444 | U13: 0.52222222 | V13: 0.53819444 | W13: 0.55347222 | X13: 0.57083333
A14: BONTEHEUWEL | B14: -33.94185049480737, 18.549579817876847 | C14: 0.23333333 | D14: 0.24583333 | E14: 0.25277778 | F14: 0.29097222 | G14: 0.27569444 | H14: 0.2875 | I14: 0.30833333 | J14: 0.33819444 | K14: 0.33958333 | L14: 0.34652778 | M14: 0.36736111 | N14: 0.39375 | O14: 0.39861111 | P14: 0.41944444 | Q14: 0.44722222 | R14: 0.475 | S14: 0.48402778 | T14: 0.49583333 | U14: 0.52361111 | V14: 0.53958333 | W14: 0.55486111 | X14: 0.57222222
A15: NYANGA | B15: -33.99271379632963, 18.559776951819032 | C15: 0.23819444 | D15: 0.25069444 | E15: 0.25763889 | F15: 0.29583333 | H15: 0.29236111 | I15: 0.31319444 | K15: 0.34444444 | L15: 0.35138889 | M15: 0.37222222 | O15: 0.40347222 | P15: 0.42430556 | Q15: 0.45208333 | R15: 0.47986111 | T15: 0.50069444 | U15: 0.52847222 | W15: 0.55972222 | X15: 0.57708333
A16: PHILIPPI | B16: -34.01328895709482, 18.584421561340882 | C16: 0.24027778 | D16: 0.25486111 | E16: 0.25972222 | F16: 0.3 | H16: 0.29444444 | I16: 0.31527778 | K16: 0.34861111 | L16: 0.35347222 | M16: 0.37430556 | O16: 0.40763889 | P16: 0.42638889 | Q16: 0.45625 | R16: 0.48402778 | T16: 0.50486111 | U16: 0.53055556 | W16: 0.56388889 | X16: 0.57916667
A17: LENTEGEUR | B17: -34.03418971685345, 18.611322738328173 | D17: 0.26041667 | F17: 0.30555556 | K17: 0.35416667 | O17: 0.41319444 | Q17: 0.46180556 | T17: 0.51041667 | W17: 0.56944444
A18: MITCHELL'S PLAIN | B18: -34.0504610838304, 18.619222253671435 | D18: 0.26527778 | F18: 0.31041667 | K18: 0.35902778 | O18: 0.41805556 | Q18: 0.46666667 | T18: 0.51527778 | W18: 0.57430556
A19: KAPTEINSKLIP | B19: -34.06755873543257, 18.620534480658506 | D19: 0.26875 | F19: 0.31388889 | K19: 0.3625 | O19: 0.42152778 | Q19: 0.47013889 | T19: 0.51875 | W19: 0.57777778
A20: STOCK ROAD | B20: -34.01412292128464, 18.606174209491407 | C20: 0.24305556 | E20: 0.2625 | H20: 0.29722222 | I20: 0.31805556 | L20: 0.35625 | M20: 0.37708333 | P20: 0.42916667 | R20: 0.48680556 | U20: 0.53333333 | X20: 0.58194444
A21: MANDALAY | B21: -34.019015667481014, 18.624391145998562 | C21: 0.24583333 | E21: 0.26527778 | H21: 0.3 | I21: 0.32083333 | L21: 0.35902778 | M21: 0.37986111 | P21: 0.43194444 | R21: 0.48958333 | U21: 0.53611111 | X21: 0.58472222
A22: NOLUNGILE | B22: -34.016811809063164, 18.64902361716287 | C22: 0.24861111 | E22: 0.26805556 | H22: 0.30277778 | I22: 0.32361111 | L22: 0.36180556 | M22: 0.38263889 | P22: 0.43472222 | R22: 0.49236111 | U22: 0.53888889 | X22: 0.5875
A23: NONKQUBELA | B23: -34.02681746271161, 18.663190611341626 | E23: 0.27083333 | I23: 0.32638889 | M23: 0.38541667 | P23: 0.4375 | R23: 0.49513889 | X23: 0.59027778
A24: KHAYELITSHA | B24: -34.047943373751565, 18.67073769040669 | E24: 0.27361111 | I24: 0.32916667 | M24: 0.38819444 | P24: 0.44027778 | R24: 0.49791667 | X24: 0.59305556
A25: KUYASA | B25: -34.05489939537871, 18.692323957717754 | E25: 0.27569444 | I25: 0.33125 | M25: 0.39027778 | P25: 0.44236111 | R25: 0.5 | X25: 0.59513889
A26: CHRIS HANI | B26: -34.054706073305944, 18.710707924836054 | E26: 0.27847222 | I26: 0.33402778 | M26: 0.39305556 | P26: 0.44513889 | R26: 0.50069444 | X26: 0.59791667
A27: LAVISTOWN | B27: -33.943269567798055, 18.583722311337315 | G27: 0.27777778 | J27: 0.34027778 | N27: 0.39583333 | S27: 0.48611111 | V27: 0.54166667
A28: BELHAR | B28: -33.93959717971092, 18.60894476900841 | G28: 0.28125 | J28: 0.34375 | N28: 0.39930556 | S28: 0.48958333 | V28: 0.54513889
A29: UNIBELL | B29: -33.93686354314193, 18.628117540172582 | G29: 0.28333333 | J29: 0.34583333 | N29: 0.40138889 | S29: 0.49166667 | V29: 0.54722222
A30: PENTECH | B30: -33.93468015167005, 18.646053668734744 | G30: 0.28611111 | J30: 0.34861111 | N30: 0.40416667 | S30: 0.49444444 | V30: 0.55
A31: SAREPTA | B31: -33.92655594121331, 18.661143180651308 | G31: 0.28819444 | J31: 0.35069444 | N31: 0.40625 | S31: 0.49652778 | V31: 0.55208333
A32: BELLVILLE | B32: -33.906263459762684, 18.62662128465745 | G32: 0.29166667 | J32: 0.35416667 | N32: 0.40972222 | S32: 0.5 | V32: 0.55555556

Sheet Config_GridOrder
A1: Key,SheetName,RowNumber,StartCol
A2: ctcen_in_weekday,CTCEN-IN_Weekday,2,C
A3: ctcen_out_weekday,CTCEN-OUT_Weekday,2,C
A4: ctcen_in_sat,CTCEN-IN_Sat,2,C
A5: ctcen_out_sat,CTCEN-OUT_Sat,2,C
A6: ct_to_hani_weekday,CT-to-HANI_Weekday,2,C
A7: hani_to_ct_weekday,HANI-to-CT_Weekday,2,C
A8: ct_to_hani_sat,CT-to-HANI_Sat,2,C
A9: hani_to_ct_sat,HANI-to-CT_Sat,2,C
A10: ct_to_kap_weekday,CT-to-KAP_Weekday,2,C
A11: kap_to_ct_weekday,KAP-to-CT_Weekday,2,C
A12: ct_to_kap_sat,CT-to-KAP_Sat,2,C
... A61: event_to_b_sat,EVENT-to-B_Sat,2,C

Sheet CT-to-HANI_Weekday
A1: Last Updated: | B1: 46181 | C1: Z1
A2: STATION | B2: COORDINATES | C2: 9901 | D2: 9903 | E2: 9905 | F2: 9907 | G2: 9909 | H2: 9911 | I2: 9913 | J2: 9915 | K2: 9917 | L2: 9919 | M2: 9921
A3: CAPE TOWN | B3: -33.92363127060243, 18.42718648501388 | C3: 0.2 | D3: 0.25347222 | E3: 0.30555556 | F3: 0.375 | G3: 0.43055556 | H3: 0.48611111 | I3: 0.55902778 | J3: 0.625 | K3: 0.67708333 | L3: 0.73263889 | M3: 0.80208333
A4: WOODSTOCK | B4: -33.925058308184404, 18.44613913370814
A5: SALT RIVER | B5: -33.92754558428959, 18.464689555116372
A6: KOEBERG RD | B6: -33.92570961024241, 18.47887742815667
A7: MAITLAND | B7: -33.92465193392986, 18.487001988940953
A8: NDABENI | B8: -33.928548273196824, 18.495159894144553
A9: PINELANDS | B9: -33.93964476336891, 18.490635019900687
A10: ESPLANADE | B10: -33.923640784366874, 18.446037955514498 | C10: 0.20694444 | D10: 0.26041667 | E10: 0.3125 | F10: 0.38194444 | G10: 0.4375 | H10: 0.49305556 | I10: 0.56597222 | J10: 0.63194444 | K10: 0.68402778 | L10: 0.73958333 | M10: 0.80902778
A11: YSTERPLAAT | B11: -33.9199022523178, 18.476775305514295 | C11: 0.21527778 | D11: 0.26875 | E11: 0.32083333 | F11: 0.39027778 | G11: 0.44583333 | H11: 0.50138889 | I11: 0.57430556 | J11: 0.64027778 | K11: 0.69236111 | L11: 0.74791667 | M11: 0.81736111
A12: MUTUAL | B12: -33.92209345116931, 18.511988082500565 | C12: 0.21875 | D12: 0.27222222 | E12: 0.32430556 | F12: 0.39375 | G12: 0.44930556 | H12: 0.50486111 | I12: 0.57777778 | J12: 0.64375 | K12: 0.69583333 | L12: 0.75138889 | M12: 0.82083333
A13: LANGA | B13: -33.938934072196076, 18.52974423065194 | C13: 0.22222222 | D13: 0.27569444 | E13: 0.32777778 | F13: 0.39722222 | G13: 0.45277778 | H13: 0.50833333 | I13: 0.58125 | J13: 0.64722222 | K13: 0.69930556 | L13: 0.75486111 | M13: 0.82430556
A14: BONTEHEUWEL | B14: -33.94185049480737, 18.549579817876847 | C14: 0.22361111 | D14: 0.27708333 | E14: 0.32916667 | F14: 0.39861111 | G14: 0.45416667 | H14: 0.50972222 | I14: 0.58263889 | J14: 0.64861111 | K14: 0.70069444 | L14: 0.75625 | M14: 0.82569444
A15: NETREG | B15: -33.952666168847884, 18.56356622880313 | C15: 0.225 | D15: 0.27847222 | E15: 0.33055556 | F15: 0.4 | G15: 0.45555556 | H15: 0.51111111 | I15: 0.58402778 | J15: 0.65 | K15: 0.70208333 | L15: 0.75763889 | M15: 0.82708333
A16: HEIDEVELD | B16: -33.969594701133275, 18.56187725551686 | C16: 0.22569444 | D16: 0.27916667 | E16: 0.33125 | F16: 0.40069444 | G16: 0.45625 | H16: 0.51180556 | I16: 0.58472222 | J16: 0.65069444 | K16: 0.70277778 | L16: 0.75833333 | M16: 0.82777778
A17: NYANGA | B17: -33.99271379632963, 18.559776951819032 | C17: 0.22847222 | D17: 0.28194444 | E17: 0.33402778 | F17: 0.40347222 | G17: 0.45902778 | H17: 0.51458333 | I17: 0.5875 | J17: 0.65347222 | K17: 0.70555556 | L17: 0.76111111 | M17: 0.83055556
A18: PHILIPPI | B18: -34.01328895709482, 18.584421561340882 | C18: 0.23263889 | D18: 0.28611111 | E18: 0.33819444 | F18: 0.40763889 | G18: 0.46319444 | H18: 0.51875 | I18: 0.59166667 | J18: 0.65763889 | K18: 0.70972222 | L18: 0.76527778 | M18: 0.83263889
A19: LENTEGEUR | B19: -34.03418971685345, 18.611322738328173
A20: MITCHELL'S PLAIN | B20: -34.0504610838304, 18.619222253671435
A21: KAPTEINSKLIP | B21: -34.06755873543257, 18.620534480658506
A22: STOCK ROAD | B22: -34.01412292128464, 18.606174209491407 | C22: 0.23541667 | D22: 0.28888889 | E22: 0.34097222 | F22: 0.41041667 | G22: 0.46597222 | H22: 0.52152778 | I22: 0.59444444 | J22: 0.66041667 | K22: 0.7125 | L22: 0.76805556 | M22: 0.83541667
A23: MANDALAY | B23: -34.019015667481014, 18.624391145998562 | C23: 0.23819444 | D23: 0.29166667 | E23: 0.34375 | F23: 0.41319444 | G23: 0.46875 | H23: 0.52430556 | I23: 0.59722222 | J23: 0.66319444 | K23: 0.71527778 | L23: 0.77083333 | M23: 0.83819444
A24: NOLUNGILE | B24: -34.016811809063164, 18.64902361716287 | C24: 0.24097222 | D24: 0.29444444 | E24: 0.34652778 | F24: 0.41597222 | G24: 0.47152778 | H24: 0.52708333 | I24: 0.6 | J24: 0.66597222 | K24: 0.71805556 | L24: 0.77361111 | M24: 0.84097222
A25: NONKQUBELA | B25: -34.02681746271161, 18.663190611341626 | C25: 0.24375 | D25: 0.29722222 | E25: 0.34930556 | F25: 0.41875 | G25: 0.47430556 | H25: 0.52986111 | I25: 0.60277778 | J25: 0.66875 | K25: 0.72083333 | L25: 0.77638889 | M25: 0.84375
A26: KHAYELITSHA | B26: -34.047943373751565, 18.67073769040669 | C26: 0.24652778 | D26: 0.3 | E26: 0.35208333 | F26: 0.42152778 | G26: 0.47708333 | H26: 0.53263889 | I26: 0.60555556 | J26: 0.67152778 | K26: 0.72361111 | L26: 0.77916667 | M26: 0.84652778
A27: KUYASA | B27: -34.05489939537871, 18.692323957717754 | C27: 0.24861111 | D27: 0.30208333 | E27: 0.35416667 | F27: 0.42361111 | G27: 0.47916667 | H27: 0.53472222 | I27: 0.60763889 | J27: 0.67361111 | K27: 0.72569444 | L27: 0.78125 | M27: 0.84861111
A28: CHRIS HANI | B28: -34.054706073305944, 18.710707924836054 | C28: 0.25138889 | D28: 0.30486111 | E28: 0.35486111 | F28: 0.42638889 | G28: 0.47986111 | H28: 0.5375 | I28: 0.61041667 | J28: 0.67430556 | K28: 0.72847222 | L28: 0.78402778 | M28: 0.85138889
A29: LAVISTOWN | B29: -33.943269567798055, 18.583722311337315
A30: BELHAR | B30: -33.93959717971092, 18.60894476900841
A31: UNIBELL | B31: -33.93686354314193, 18.628117540172582
A32: PENTECH | B32: -33.93468015167005, 18.646053668734744
A33: SAREPTA | B33: -33.92655594121331, 18.661143180651308
A34: BELLVILLE | B34: -33.906263459762684, 18.62662128465745

Sheet HANI-to-CT_Weekday
A1: Last Updated: | B1: 46181 | C1: Z1
A2: STATION | B2: COORDINATES | C2: 9900 | D2: 9902 | E2: 9904 | F2: 9906 | G2: 9908 | H2: 9910 | I2: 9912 | J2: 9914 | K2: 9916 | L2: 9918 | M2: 9920
A3: BELLVILLE | B3: -33.906263459762684, 18.62662128465745
A4: SAREPTA | B4: -33.92655594121331, 18.661143180651308
A5: PENTECH | B5: -33.93468015167005, 18.646053668734744
A6: UNIBELL | B6: -33.93686354314193, 18.628117540172582
A7: BELHAR | B7: -33.93959717971092, 18.60894476900841
A8: LAVISTOWN | B8: -33.943269567798055, 18.583722311337315
A9: CHRIS HANI | B9: -34.054706073305944, 18.710707924836054 | C9: 0.20486111 | D9: 0.25833333 | E9: 0.3125 | F9: 0.3625 | G9: 0.43194444 | H9: 0.48958333 | I9: 0.54861111 | J9: 0.62638889 | K9: 0.68402778 | L9: 0.73611111 | M9: 0.79861111
A10: KUYASA | B10: -34.05489939537871, 18.692323957717754 | C10: 0.20763889 | D10: 0.26111111 | E10: 0.31527778 | F10: 0.36527778 | G10: 0.43472222 | H10: 0.49236111 | I10: 0.55138889 | J10: 0.62916667 | K10: 0.68680556 | L10: 0.73888889 | M10: 0.80138889
A11: KHAYELITSHA | B11: -34.047943373751565, 18.67073769040669 | C11: 0.20972222 | D11: 0.26319444 | E11: 0.31736111 | F11: 0.36736111 | G11: 0.43680556 | H11: 0.49444444 | I11: 0.55347222 | J11: 0.63125 | K11: 0.68888889 | L11: 0.74097222 | M11: 0.80347222
A12: NONKQUBELA | B12: -34.02681746271161, 18.663190611341626 | C12: 0.2125 | D12: 0.26597222 | E12: 0.32013889 | F12: 0.37013889 | G12: 0.43958333 | H12: 0.49722222 | I12: 0.55625 | J12: 0.63402778 | K12: 0.69166667 | L12: 0.74375 | M12: 0.80625
A13: NOLUNGILE | B13: -34.016811809063164, 18.64902361716287 | C13: 0.21527778 | D13: 0.26875 | E13: 0.32291667 | F13: 0.37291667 | G13: 0.44236111 | H13: 0.5 | I13: 0.55902778 | J13: 0.63680556 | K13: 0.69444444 | L13: 0.74652778 | M13: 0.80902778
A14: MANDALAY | B14: -34.019015667481014, 18.624391145998562 | C14: 0.21805556 | D14: 0.27152778 | E14: 0.32569444 | F14: 0.37569444 | G14: 0.44513889 | H14: 0.50277778 | I14: 0.56180556 | J14: 0.63958333 | K14: 0.69722222 | L14: 0.74930556 | M14: 0.81180556
A15: STOCK ROAD | B15: -34.01412292128464, 18.606174209491407 | C15: 0.22013889 | D15: 0.27361111 | E15: 0.32777778 | F15: 0.37777778 | G15: 0.44722222 | H15: 0.50486111 | I15: 0.56388889 | J15: 0.64166667 | K15: 0.69930556 | L15: 0.75138889 | M15: 0.81388889
A16: KAPTEINSKLIP | B16: -34.06755873543257, 18.620534480658506
A17: MITCHELL'S PLAIN | B17: -34.0504610838304, 18.619222253671435
A18: LENTEGEUR | B18: -34.03418971685345, 18.611322738328173
A19: PHILIPPI | B19: -34.01328895709482, 18.584421561340882 | C19: 0.22361111 | D19: 0.27708333 | E19: 0.33125 | F19: 0.38125 | G19: 0.45069444 | H19: 0.50833333 | I19: 0.56736111 | J19: 0.64513889 | K19: 0.70277778 | L19: 0.75486111 | M19: 0.81736111
A20: NYANGA | B20: -33.99271379632963, 18.559776951819032 | C20: 0.22638889 | D20: 0.27986111 | E20: 0.33402778 | F20: 0.38402778 | G20: 0.45347222 | H20: 0.51111111 | I20: 0.57013889 | J20: 0.64791667 | K20: 0.70555556 | L20: 0.75763889 | M20: 0.82013889
A21: HEIDEVELD | B21: -33.96955914627068, 18.561952615501543 | C21: 0.22777778 | D21: 0.28125 | E21: 0.33541667 | F21: 0.38541667 | G21: 0.45486111 | H21: 0.5125 | I21: 0.57152778 | J21: 0.64930556 | K21: 0.70694444 | L21: 0.75902778 | M21: 0.82152778
A22: NETREG | B22: -33.952620288476226, 18.563580552945645 | C22: 0.22916667 | D22: 0.28263889 | E22: 0.33680556 | F22: 0.38680556 | G22: 0.45625 | H22: 0.51388889 | I22: 0.57291667 | J22: 0.65069444 | K22: 0.70833333 | L22: 0.76041667 | M22: 0.82291667
A23: BONTEHEUWEL | B23: -33.94185049480737, 18.549579817876847 | C23: 0.23055556 | D23: 0.28402778 | E23: 0.33819444 | F23: 0.38819444 | G23: 0.45763889 | H23: 0.51527778 | I23: 0.57430556 | J23: 0.65208333 | K23: 0.70972222 | L23: 0.76180556 | M23: 0.82430556
A24: LANGA | B24: -33.938934072196076, 18.52974423065194 | C24: 0.23263889 | D24: 0.28611111 | E24: 0.34027778 | F24: 0.39027778 | G24: 0.45972222 | H24: 0.51736111 | I24: 0.57638889 | J24: 0.65416667 | K24: 0.71180556 | L24: 0.76388889 | M24: 0.82638889
A25: MUTUAL | B25: -33.92209345116931, 18.511988082500565 | C25: 0.23611111 | D25: 0.28958333 | E25: 0.34375 | F25: 0.39375 | G25: 0.46319444 | H25: 0.52083333 | I25: 0.57986111 | J25: 0.65763889 | K25: 0.71527778 | L25: 0.76736111 | M25: 0.82986111
A26: YSTERPLAAT | B26: -33.9199022523178, 18.476775305514295 | C26: 0.24236111 | D26: 0.29583333 | E26: 0.35 | F26: 0.4 | G26: 0.46944444 | H26: 0.52708333 | I26: 0.58611111 | J26: 0.66388889 | K26: 0.72152778 | L26: 0.77361111 | M26: 0.83611111
A27: ESPLANADE | B27: -33.923640784366874, 18.446037955514498 | C27: 0.25069444 | D27: 0.30416667 | E27: 0.35833333 | F27: 0.40833333 | G27: 0.47777778 | H27: 0.53541667 | I27: 0.59444444 | J27: 0.67222222 | K27: 0.72986111 | L27: 0.78194444 | M27: 0.84444444
A28: PINELANDS | B28: -33.93964476336891, 18.490635019900687
A29: NDABENI | B29: -33.928548273196824, 18.495159894144553
A30: MAITLAND | B30: -33.92465193392986, 18.487001988940953
A31: KOEBERG RD | B31: -33.92570961024241, 18.47887742815667
A32: SALT RIVER | B32: -33.92754558428959, 18.464689555116372
A33: WOODSTOCK | B33: -33.925058308184404, 18.44613913370814
A34: CAPE TOWN | B34: -33.92363127060243, 18.42718648501388 | C34: 0.25694444 | D34: 0.31041667 | E34: 0.36111111 | F34: 0.41805556 | G34: 0.48472222 | H34: 0.54166667 | I34: 0.60069444 | J34: 0.67847222 | K34: 0.73611111 | L34: 0.78819444 | M34: 0.85069444

Sheet CT-to-HANI_Sat
A1: Last Updated: | B1: Unspecified | C1: Z1
A2: STATION | B2: COORDINATES | C2: 9901 | D2: 9903 | E2: 9905 | F2: 9907 | G2: 9909 | H2: 9911
A3: CAPE TOWN | B3: -33.92363127060243, 18.42718648501388 | C3: 0.22916667 | D3: 0.28472222 | E3: 0.34375 | F3: 0.39583333 | G3: 0.45138889 | H3: 0.54861111
A4: WOODSTOCK | B4: -33.925058308184404, 18.44613913370814
A5: SALT RIVER | B5: -33.92754558428959, 18.464689555116372
A6: KOEBERG RD | B6: -33.92570961024241, 18.47887742815667
A7: MAITLAND | B7: -33.92465193392986, 18.487001988940953
A8: NDABENI | B8: -33.928548273196824, 18.495159894144553
A9: PINELANDS | B9: -33.93964476336891, 18.490635019900687
A10: ESPLANADE | B10: -33.923640784366874, 18.446037955514498 | C10: 0.23611111 | D10: 0.29166667 | E10: 0.35069444 | F10: 0.40277778 | G10: 0.45833333 | H10: 0.55555556
A11: YSTERPLAAT | B11: -33.9199022523178, 18.476775305514295 | C11: 0.24444444 | D11: 0.3 | E11: 0.35902778 | F11: 0.41111111 | G11: 0.46666667 | H11: 0.56388889
A12: MUTUAL | B12: -33.92209345116931, 18.511988082500565 | C12: 0.24791667 | D12: 0.30347222 | E12: 0.3625 | F12: 0.41458333 | G12: 0.47013889 | H12: 0.56736111
A13: LANGA | B13: -33.938934072196076, 18.52974423065194 | C13: 0.25138889 | D13: 0.30694444 | E13: 0.36597222 | F13: 0.41805556 | G13: 0.47361111 | H13: 0.57083333
A14: BONTEHEUWEL | B14: -33.94185049480737, 18.549579817876847 | C14: 0.25277778 | D14: 0.30833333 | E14: 0.36736111 | F14: 0.41944444 | G14: 0.475 | H14: 0.57222222
A15: NYANGA | B15: -33.99271379632963, 18.559776951819032 | C15: 0.25763889 | D15: 0.31319444 | E15: 0.37222222 | F15: 0.42430556 | G15: 0.47986111 | H15: 0.57708333
A16: PHILIPPI | B16: -34.01328895709482, 18.584421561340882 | C16: 0.25972222 | D16: 0.31527778 | E16: 0.37430556 | F16: 0.42638889 | G16: 0.48402778 | H16: 0.57916667
A17: LENTEGEUR | B17: -34.03418971685345, 18.611322738328173
A18: MITCHELL'S PLAIN | B18: -34.0504610838304, 18.619222253671435
A19: KAPTEINSKLIP | B19: -34.06755873543257, 18.620534480658506
A20: STOCK ROAD | B20: -34.01412292128464, 18.606174209491407 | C20: 0.2625 | D20: 0.31805556 | E20: 0.37708333 | F20: 0.42916667 | G20: 0.48680556 | H20: 0.58194444
A21: MANDALAY | B21: -34.019015667481014, 18.624391145998562 | C21: 0.26527778 | D21: 0.32083333 | E21: 0.37986111 | F21: 0.43194444 | G21: 0.48958333 | H21: 0.58472222
A22: NOLUNGILE | B22: -34.016811809063164, 18.64902361716287 | C22: 0.26805556 | D22: 0.32361111 | E22: 0.38263889 | F22: 0.43472222 | G22: 0.49236111 | H22: 0.5875
A23: NONKQUBELA | B23: -34.02681746271161, 18.663190611341626 | C23: 0.27083333 | D23: 0.32638889 | E23: 0.38541667 | F23: 0.4375 | G23: 0.49513889 | H23: 0.59027778
A24: KHAYELITSHA | B24: -34.047943373751565, 18.67073769040669 | C24: 0.27361111 | D24: 0.32916667 | E24: 0.38819444 | F24: 0.44027778 | G24: 0.49791667 | H24: 0.59305556
A25: KUYASA | B25: -34.05489939537871, 18.692323957717754 | C25: 0.27569444 | D25: 0.33125 | E25: 0.39027778 | F25: 0.44236111 | G25: 0.5 | H25: 0.59513889
A26: CHRIS HANI | B26: -34.054706073305944, 18.710707924836054 | C26: 0.27847222 | D26: 0.33402778 | E26: 0.39305556 | F26: 0.44513889 | G26: 0.50069444 | H26: 0.59791667
A27: LAVISTOWN | B27: -33.943269567798055, 18.583722311337315
A28: BELHAR | B28: -33.93959717971092, 18.60894476900841
A29: UNIBELL | B29: -33.93686354314193, 18.628117540172582
A30: PENTECH | B30: -33.93468015167005, 18.646053668734744
A31: SAREPTA | B31: -33.92655594121331, 18.661143180651308
A32: BELLVILLE | B32: -33.906263459762684, 18.62662128465745

Sheet HANI-to-CT_Sat
A1: Last Updated: | B1: Unspecified | C1: Z1
A2: STATION | B2: COORDINATES | C2: 9900 | D2: 9902 | E2: 9904 | F2: 9906 | G2: 9908 | H2: 9910 | I2: 9912
A3: BELLVILLE | B3: -33.906263459762684, 18.62662128465745
A4: SAREPTA | B4: -33.92655594121331, 18.661143180651308
A5: PENTECH | B5: -33.93468015167005, 18.646053668734744
A6: UNIBELL | B6: -33.93686354314193, 18.628117540172582
A7: BELHAR | B7: -33.93959717971092, 18.60894476900841
A8: LAVISTOWN | B8: -33.943269567798055, 18.583722311337315
A9: CHRIS HANI | B9: -34.054706073305944, 18.710707924836054 | C9: 0.21527778 | D9: 0.28472222 | E9: 0.34166667 | F9: 0.40277778 | G9: 0.45486111 | H9: 0.50694444 | I9: 0.60416667
A10: KUYASA | B10: -34.05489939537871, 18.692323957717754 | C10: 0.21805556 | D10: 0.2875 | E10: 0.34444444 | F10: 0.40555556 | G10: 0.45763889 | H10: 0.50972222 | I10: 0.60694444
A11: KHAYELITSHA | B11: -34.047943373751565, 18.67073769040669 | C11: 0.22013889 | D11: 0.28958333 | E11: 0.34652778 | F11: 0.40763889 | G11: 0.45972222 | H11: 0.51180556 | I11: 0.60902778
A12: NONKQUBELA | B12: -34.02681746271161, 18.663190611341626 | C12: 0.22291667 | D12: 0.29236111 | E12: 0.34930556 | F12: 0.41041667 | G12: 0.4625 | H12: 0.51458333 | I12: 0.61180556
A13: NOLUNGILE | B13: -34.016811809063164, 18.64902361716287 | C13: 0.22569444 | D13: 0.29513889 | E13: 0.35208333 | F13: 0.41319444 | G13: 0.46527778 | H13: 0.51736111 | I13: 0.61458333
A14: MANDALAY | B14: -34.019015667481014, 18.624391145998562 | C14: 0.22847222 | D14: 0.29791667 | E14: 0.35486111 | F14: 0.41597222 | G14: 0.46805556 | H14: 0.52013889 | I14: 0.61736111
A15: STOCK ROAD | B15: -34.01412292128464, 18.606174209491407 | C15: 0.23055556 | D15: 0.3 | E15: 0.35694444 | F15: 0.41805556 | G15: 0.47013889 | H15: 0.52222222 | I15: 0.61944444
A16: KAPTEINSKLIP | B16: -34.06755873543257, 18.620534480658506
A17: MITCHELL'S PLAIN | B17: -34.0504610838304, 18.619222253671435
A18: LENTEGEUR | B18: -34.03418971685345, 18.611322738328173
A19: PHILIPPI | B19: -34.01328895709482, 18.584421561340882 | C19: 0.23402778 | D19: 0.30347222 | E19: 0.36041667 | F19: 0.42152778 | G19: 0.47361111 | H19: 0.52569444 | I19: 0.62291667
A20: NYANGA | B20: -33.99271379632963, 18.559776951819032 | C20: 0.23680556 | D20: 0.30625 | E20: 0.36319444 | F20: 0.42430556 | G20: 0.47638889 | H20: 0.52847222 | I20: 0.62569444
A21: BONTEHEUWEL | B21: -33.94185049480737, 18.549579817876847 | C21: 0.24027778 | D21: 0.31041667 | E21: 0.36736111 | F21: 0.42847222 | G21: 0.48055556 | H21: 0.53263889 | I21: 0.62986111
A22: LANGA | B22: -33.938934072196076, 18.52974423065194 | C22: 0.24236111 | D22: 0.3125 | E22: 0.36944444 | F22: 0.43055556 | G22: 0.48263889 | H22: 0.53472222 | I22: 0.63194444
A23: MUTUAL | B23: -33.92209345116931, 18.511988082500565 | C23: 0.24583333 | D23: 0.31597222 | E23: 0.37291667 | F23: 0.43402778 | G23: 0.48611111 | H23: 0.53819444 | I23: 0.63541667
A24: YSTERPLAAT | B24: -33.9199022523178, 18.476775305514295 | C24: 0.25208333 | D24: 0.32222222 | E24: 0.37916667 | F24: 0.44027778 | G24: 0.49236111 | H24: 0.54444444 | I24: 0.64166667
A25: ESPLANADE | B25: -33.923640784366874, 18.446037955514498 | C25: 0.26041667 | D25: 0.33055556 | E25: 0.3875 | F25: 0.44861111 | G25: 0.50069444 | H25: 0.55277778 | I25: 0.65
A26: PINELANDS | B26: -33.93964476336891, 18.490635019900687
A27: NDABENI | B27: -33.928548273196824, 18.495159894144553
A28: MAITLAND | B28: -33.92465193392986, 18.487001988940953
A29: KOEBERG RD | B29: -33.92570961024241, 18.47887742815667
A30: SALT RIVER | B30: -33.92754558428959, 18.464689555116372
A31: WOODSTOCK | B31: -33.925058308184404, 18.44613913370814
A32: CAPE TOWN | B32: -33.92363127060243, 18.42718648501388 | C32: 0.26736111 | D32: 0.33680556 | E32: 0.39375 | F32: 0.45486111 | G32: 0.50694444 | H32: 0.55902778 | I32: 0.65625

Sheet CT-to-KAP_Weekday
A1: Last Updated: | B1: 46181 | C1: Z1
A2: STATION | B2: COORDINATES | C2: 9501 | D2: 9503 | E2: 9505 | F2: 9507 | G2: 9509 | H2: 9511 | I2: 9513 | J2: 9515 | K2: 9517 | L2: 9519 | M2: 9521
A3: CAPE TOWN | B3: -33.92363127060243, 18.42718648501388 | C3: 0.19444444 | D3: 0.24652778 | E3: 0.3 | F3: 0.34722222 | G3: 0.39236111 | H3: 0.50694444 | I3: 0.60277778 | J3: 0.64583333 | K3: 0.70138889 | L3: 0.74652778 | M3: 0.80069444
A4: WOODSTOCK | B4: -33.925058308184404, 18.44613913370814 | C4: 0.19652778 | D4: 0.24861111 | E4: 0.30208333 | F4: 0.34930556 | G4: 0.39444444 | H4: 0.50902778 | I4: 0.60486111 | J4: 0.64791667 | K4: 0.70347222 | L4: 0.74861111 | M4: 0.80277778
A5: SALT RIVER | B5: -33.92754558428959, 18.464689555116372 | C5: 0.19861111 | D5: 0.25069444 | E5: 0.30416667 | F5: 0.35138889 | G5: 0.39652778 | H5: 0.51111111 | I5: 0.60694444 | J5: 0.65 | K5: 0.70555556 | L5: 0.75069444 | M5: 0.80486111
A6: KOEBERG RD | B6: -33.92570961024241, 18.47887742815667 | C6: 0.2 | D6: 0.25208333 | E6: 0.30555556 | F6: 0.35277778 | G6: 0.39791667 | H6: 0.5125 | I6: 0.60833333 | J6: 0.65138889 | K6: 0.70694444 | L6: 0.75208333 | M6: 0.80625
A7: MAITLAND | B7: -33.92465193392986, 18.487001988940953 | C7: 0.20138889 | D7: 0.25347222 | E7: 0.30694444 | F7: 0.35416667 | G7: 0.39930556 | H7: 0.51388889 | I7: 0.60972222 | J7: 0.65277778 | K7: 0.70833333 | L7: 0.75347222 | M7: 0.80763889
A8: NDABENI | B8: -33.928548273196824, 18.495159894144553 | C8: 0.20347222 | D8: 0.25555556 | E8: 0.30902778 | F8: 0.35625 | G8: 0.40138889 | H8: 0.51597222 | I8: 0.61180556 | J8: 0.65486111 | K8: 0.71041667 | L8: 0.75555556 | M8: 0.80972222
A9: PINELANDS | B9: -33.93964476336891, 18.490635019900687 | C9: 0.20555556 | D9: 0.25763889 | E9: 0.31111111 | F9: 0.35833333 | G9: 0.40347222 | H9: 0.51805556 | I9: 0.61388889 | J9: 0.65694444 | K9: 0.7125 | L9: 0.75763889 | M9: 0.81180556
A10: ESPLANADE | B10: -33.923640784366874, 18.446037955514498
A11: YSTERPLAAT | B11: -33.9199022523178, 18.476775305514295
A12: MUTUAL | B12: -33.92209345116931, 18.511988082500565
A13: LANGA | B13: -33.938934072196076, 18.52974423065194 | C13: 0.20972222 | D13: 0.26180556 | E13: 0.31527778 | F13: 0.3625 | G13: 0.40763889 | H13: 0.52222222 | I13: 0.61805556 | J13: 0.66111111 | K13: 0.71666667 | L13: 0.76180556 | M13: 0.81597222
A14: BONTEHEUWEL | B14: -33.94185049480737, 18.549579817876847 | C14: 0.21111111 | D14: 0.26319444 | E14: 0.31666667 | F14: 0.36388889 | G14: 0.40902778 | H14: 0.52361111 | I14: 0.61944444 | J14: 0.6625 | K14: 0.71805556 | L14: 0.76319444 | M14: 0.81736111
A15: NETREG | B15: -33.952666168847884, 18.56356622880313 | C15: 0.2125 | D15: 0.26458333 | E15: 0.31805556 | F15: 0.36527778 | G15: 0.41041667 | H15: 0.525 | I15: 0.62083333 | J15: 0.66388889 | K15: 0.71944444 | L15: 0.76458333 | M15: 0.81875
A16: HEIDEVELD | B16: -33.969594701133275, 18.56187725551686 | C16: 0.21319444 | D16: 0.26527778 | E16: 0.31875 | F16: 0.36597222 | G16: 0.41111111 | H16: 0.52569444 | I16: 0.62152778 | J16: 0.66458333 | K16: 0.72013889 | L16: 0.76527778 | M16: 0.81944444
A17: NYANGA | B17: -33.99271379632963, 18.559776951819032 | C17: 0.21597222 | D17: 0.26805556 | E17: 0.32152778 | F17: 0.36875 | G17: 0.41388889 | H17: 0.52847222 | I17: 0.62430556 | J17: 0.66736111 | K17: 0.72291667 | L17: 0.76805556 | M17: 0.82222222
A18: PHILIPPI | B18: -34.01328895709482, 18.584421561340882 | C18: 0.22013889 | D18: 0.27222222 | E18: 0.32569444 | F18: 0.37291667 | G18: 0.41805556 | H18: 0.53263889 | I18: 0.62847222 | J18: 0.67152778 | K18: 0.72708333 | L18: 0.77222222 | M18: 0.82638889
A19: LENTEGEUR | B19: -34.03418971685345, 18.611322738328173 | C19: 0.22569444 | D19: 0.27777778 | E19: 0.33125 | F19: 0.37847222 | G19: 0.42361111 | H19: 0.53819444 | I19: 0.63402778 | J19: 0.67708333 | K19: 0.73263889 | L19: 0.77777778 | M19: 0.83194444
A20: MITCHELL'S PLAIN | B20: -34.0504610838304, 18.619222253671435 | C20: 0.23055556 | D20: 0.28263889 | E20: 0.33611111 | F20: 0.38333333 | G20: 0.42847222 | H20: 0.54305556 | I20: 0.63888889 | J20: 0.68194444 | K20: 0.7375 | L20: 0.78263889 | M20: 0.83680556
A21: KAPTEINSKLIP | B21: -34.06755873543257, 18.620534480658506 | C21: 0.23402778 | D21: 0.28611111 | E21: 0.33958333 | F21: 0.38680556 | G21: 0.43194444 | H21: 0.54652778 | I21: 0.64236111 | J21: 0.68541667 | K21: 0.74097222 | L21: 0.78611111 | M21: 0.84027778
A22: STOCK ROAD | B22: -34.01412292128464, 18.606174209491407
A23: MANDALAY | B23: -34.019015667481014, 18.624391145998562
A24: NOLUNGILE | B24: -34.016811809063164, 18.64902361716287
A25: NONKQUBELA | B25: -34.02681746271161, 18.663190611341626
A26: KHAYELITSHA | B26: -34.047943373751565, 18.67073769040669
A27: KUYASA | B27: -34.05489939537871, 18.692323957717754
A28: CHRIS HANI | B28: -34.054706073305944, 18.710707924836054
A29: LAVISTOWN | B29: -33.943269567798055, 18.583722311337315
A30: BELHAR | B30: -33.93959717971092, 18.60894476900841
A31: UNIBELL | B31: -33.93686354314193, 18.628117540172582
A32: PENTECH | B32: -33.93468015167005, 18.646053668734744
A33: SAREPTA | B33: -33.92655594121331, 18.661143180651308
A34: BELLVILLE | B34: -33.906263459762684, 18.62662128465745

Sheet KAP-to-CT_Weekday
A1: Last Updated: | B1: 46181
A2: STATION | B2: COORDINATES | C2: 9500 | D2: 9502 | E2: 9504 | F2: 9506 | G2: 9508 | H2: 9510 | I2: 9512 | J2: 9514 | K2: 9516 | L2: 9518 | M2: 9520 | N2: 9522
A3: BELLVILLE | B3: -33.906263459762684, 18.62662128465745
A4: SAREPTA | B4: -33.92655594121331, 18.661143180651308
A5: PENTECH | B5: -33.93468015167005, 18.646053668734744
A6: UNIBELL | B6: -33.93686354314193, 18.628117540172582
A7: BELHAR | B7: -33.93959717971092, 18.60894476900841
A8: LAVISTOWN | B8: -33.943269567798055, 18.583722311337315
A9: CHRIS HANI | B9: -34.054706073305944, 18.710707924836054
A10: KUYASA | B10: -34.05489939537871, 18.692323957717754
A11: KHAYELITSHA | B11: -34.047943373751565, 18.67073769040669
A12: NONKQUBELA | B12: -34.02681746271161, 18.663190611341626
A13: NOLUNGILE | B13: -34.016811809063164, 18.64902361716287
A14: MANDALAY | B14: -34.019015667481014, 18.624391145998562
A15: STOCK ROAD | B15: -34.01412292128464, 18.606174209491407
A16: KAPTEINSKLIP | B16: -34.06755873543257, 18.620534480658506 | C16: 0.19444444 | D16: 0.24652778 | E16: 0.29861111 | F16: 0.34722222 | H16: 0.45138889 | I16: 0.55555556 | J16: 0.64930556 | K16: 0.69930556 | L16: 0.75208333 | M16: 0.79513889 | N16: 0.82986111
A17: MITCHELL'S PLAIN | B17: -34.0504610838304, 18.619222253671435 | C17: 0.2 | D17: 0.25208333 | E17: 0.30416667 | F17: 0.35277778 | H17: 0.45694444 | I17: 0.56111111 | J17: 0.65486111 | K17: 0.70486111 | L17: 0.75763889 | M17: 0.80069444 | N17: 0.83194444
A18: LENTEGEUR | B18: -34.03418971685345, 18.611322738328173 | C18: 0.20486111 | E18: 0.30902778 | F18: 0.35763889 | H18: 0.46180556 | I18: 0.56597222 | J18: 0.65972222 | K18: 0.70972222 | L18: 0.7625 | M18: 0.80555556 | N18: 0.83333333
A19: PHILIPPI | B19: -34.01328895709482, 18.584421561340882 | C19: 0.20833333 | D19: 0.26041667 | E19: 0.3125 | F19: 0.36111111 | G19: 0.40972222 | H19: 0.46527778 | I19: 0.56944444 | J19: 0.66319444 | K19: 0.71319444 | L19: 0.76597222 | M19: 0.80902778 | N19: 0.83680556
A20: NYANGA | B20: -33.99271379632963, 18.559776951819032 | C20: 0.21111111 | D20: 0.26319444 | E20: 0.31527778 | F20: 0.36388889 | G20: 0.4125 | H20: 0.46805556 | I20: 0.57222222 | J20: 0.66597222 | K20: 0.71597222 | L20: 0.76875 | M20: 0.81180556 | N20: 0.83958333
A21: HEIDEVELD | B21: -33.96955914627068, 18.561952615501543 | C21: 0.2125 | D21: 0.26458333 | E21: 0.31666667 | F21: 0.36527778 | G21: 0.41388889 | H21: 0.46944444 | I21: 0.57361111 | J21: 0.66736111 | K21: 0.71736111 | L21: 0.77013889 | M21: 0.81319444
A22: NETREG | B22: -33.952620288476226, 18.563580552945645 | C22: 0.21388889 | D22: 0.26597222 | E22: 0.31805556 | F22: 0.36666667 | G22: 0.41527778 | H22: 0.47083333 | I22: 0.575 | J22: 0.66875 | K22: 0.71875 | L22: 0.77152778 | M22: 0.81458333
A23: BONTEHEUWEL | B23: -33.94185049480737, 18.549579817876847 | C23: 0.21527778 | D23: 0.26736111 | E23: 0.31944444 | F23: 0.36805556 | G23: 0.41666667 | H23: 0.47222222 | I23: 0.57638889 | J23: 0.67013889 | K23: 0.72013889 | L23: 0.77291667 | M23: 0.81597222 | N23: 0.84375
A24: LANGA | B24: -33.938934072196076, 18.52974423065194 | C24: 0.21736111 | D24: 0.26944444 | E24: 0.32152778 | F24: 0.37013889 | G24: 0.41875 | H24: 0.47430556 | I24: 0.57847222 | J24: 0.67222222 | K24: 0.72222222 | L24: 0.775 | M24: 0.81805556 | N24: 0.84583333
A25: MUTUAL | B25: -33.92209345116931, 18.511988082500565
A26: YSTERPLAAT | B26: -33.9199022523178, 18.476775305514295
A27: ESPLANADE | B27: -33.923640784366874, 18.446037955514498
A28: PINELANDS | B28: -33.93964476336891, 18.490635019900687 | C28: 0.21944444 | D28: 0.27152778 | E28: 0.32361111 | F28: 0.37222222 | G28: 0.42083333 | H28: 0.47638889 | I28: 0.58055556 | J28: 0.67430556 | K28: 0.72430556 | L28: 0.77708333 | M28: 0.82013889 | N28: 0.84791667
A29: NDABENI | B29: -33.928548273196824, 18.495159894144553 | C29: 0.22083333 | D29: 0.27291667 | E29: 0.325 | F29: 0.37361111 | G29: 0.42222222 | H29: 0.47777778 | I29: 0.58194444 | J29: 0.67569444 | K29: 0.72569444 | L29: 0.77847222 | M29: 0.82152778 | N29: 0.84930556
A30: MAITLAND | B30: -33.92465193392986, 18.487001988940953 | C30: 0.22291667 | D30: 0.275 | E30: 0.32708333 | F30: 0.37569444 | G30: 0.42430556 | H30: 0.47986111 | I30: 0.58402778 | J30: 0.67777778 | K30: 0.72777778 | L30: 0.78055556 | M30: 0.82361111 | N30: 0.85138889
A31: KOEBERG RD | B31: -33.92570961024241, 18.47887742815667 | C31: 0.225 | D31: 0.27708333 | E31: 0.32916667 | F31: 0.37777778 | G31: 0.42638889 | H31: 0.48194444 | I31: 0.58611111 | J31: 0.67986111 | K31: 0.72986111 | L31: 0.78263889 | M31: 0.82569444 | N31: 0.85347222
A32: SALT RIVER | B32: -33.92754558428959, 18.464689555116372 | C32: 0.22708333 | D32: 0.27916667 | E32: 0.33125 | F32: 0.37986111 | G32: 0.42847222 | H32: 0.48402778 | I32: 0.58819444 | J32: 0.68194444 | K32: 0.73194444 | L32: 0.78472222 | M32: 0.82777778 | N32: 0.85555556
A33: WOODSTOCK | B33: -33.925058308184404, 18.44613913370814 | C33: 0.23055556 | D33: 0.28263889 | E33: 0.33472222 | F33: 0.38333333 | G33: 0.43194444 | H33: 0.4875 | I33: 0.59166667 | J33: 0.68541667 | K33: 0.73541667 | L33: 0.78819444 | M33: 0.83125 | N33: 0.85902778
A34: CAPE TOWN | B34: -33.92363127060243, 18.42718648501388 | C34: 0.23472222 | D34: 0.28680556 | E34: 0.33888889 | F34: 0.3875 | G34: 0.43611111 | H34: 0.49166667 | I34: 0.59583333 | J34: 0.68958333 | K34: 0.73958333 | L34: 0.79236111 | M34: 0.83541667 | N34: 0.86319444

Sheet CT-to-KAP_Sat
A1: Last Updated: | B1: Unspecified
A2: STATION | B2: COORDINATES | C2: 9501 | D2: 9503 | E2: 9505 | F2: 9507 | G2: 9509 | H2: 9511 | I2: 9513
A3: CAPE TOWN | B3: -33.92363127060243, 18.42718648501388 | C3: 0.22916667 | D3: 0.27430556 | E3: 0.32291667 | F3: 0.38194444 | G3: 0.43055556 | H3: 0.47916667 | I3: 0.53819444
A4: WOODSTOCK | B4: -33.925058308184404, 18.44613913370814 | C4: 0.23125 | D4: 0.27638889 | E4: 0.325 | F4: 0.38402778 | G4: 0.43263889 | H4: 0.48125 | I4: 0.54027778
A5: SALT RIVER | B5: -33.92754558428959, 18.464689555116372 | C5: 0.23333333 | D5: 0.27847222 | E5: 0.32708333 | F5: 0.38611111 | G5: 0.43472222 | H5: 0.48333333 | I5: 0.54236111
A6: KOEBERG RD | B6: -33.92570961024241, 18.47887742815667 | C6: 0.23472222 | D6: 0.27986111 | E6: 0.32847222 | F6: 0.3875 | G6: 0.43611111 | H6: 0.48472222 | I6: 0.54375
A7: MAITLAND | B7: -33.92465193392986, 18.487001988940953 | C7: 0.23611111 | D7: 0.28125 | E7: 0.32986111 | F7: 0.38888889 | G7: 0.4375 | H7: 0.48611111 | I7: 0.54513889
A8: NDABENI | B8: -33.928548273196824, 18.495159894144553 | C8: 0.23819444 | D8: 0.28333333 | E8: 0.33194444 | F8: 0.39097222 | G8: 0.43958333 | H8: 0.48819444 | I8: 0.54722222
A9: PINELANDS | B9: -33.93964476336891, 18.490635019900687 | C9: 0.24027778 | D9: 0.28541667 | E9: 0.33402778 | F9: 0.39305556 | G9: 0.44166667 | H9: 0.49027778 | I9: 0.54930556
A10: ESPLANADE | B10: -33.923640784366874, 18.446037955514498
A11: YSTERPLAAT | B11: -33.9199022523178, 18.476775305514295
A12: MUTUAL | B12: -33.92209345116931, 18.511988082500565
A13: LANGA | B13: -33.938934072196076, 18.52974423065194 | C13: 0.24444444 | D13: 0.28958333 | E13: 0.33819444 | F13: 0.39722222 | G13: 0.44583333 | H13: 0.49444444 | I13: 0.55347222
A14: BONTEHEUWEL | B14: -33.94185049480737, 18.549579817876847 | C14: 0.24583333 | D14: 0.29097222 | E14: 0.33958333 | F14: 0.39861111 | G14: 0.44722222 | H14: 0.49583333 | I14: 0.55486111
A15: NYANGA | B15: -33.99271379632963, 18.559776951819032 | C15: 0.25069444 | D15: 0.29583333 | E15: 0.34444444 | F15: 0.40347222 | G15: 0.45208333 | H15: 0.50069444 | I15: 0.55972222
A16: PHILIPPI | B16: -34.01328895709482, 18.584421561340882 | C16: 0.25486111 | D16: 0.3 | E16: 0.34861111 | F16: 0.40763889 | G16: 0.45625 | H16: 0.50486111 | I16: 0.56388889
A17: LENTEGEUR | B17: -34.03418971685345, 18.611322738328173 | C17: 0.26041667 | D17: 0.30555556 | E17: 0.35416667 | F17: 0.41319444 | G17: 0.46180556 | H17: 0.51041667 | I17: 0.56944444
A18: MITCHELL'S PLAIN | B18: -34.0504610838304, 18.619222253671435 | C18: 0.26527778 | D18: 0.31041667 | E18: 0.35902778 | F18: 0.41805556 | G18: 0.46666667 | H18: 0.51527778 | I18: 0.57430556
A19: KAPTEINSKLIP | B19: -34.06755873543257, 18.620534480658506 | C19: 0.26875 | D19: 0.31388889 | E19: 0.3625 | F19: 0.42152778 | G19: 0.47013889 | H19: 0.51875 | I19: 0.57777778
A20: STOCK ROAD | B20: -34.01412292128464, 18.606174209491407
A21: MANDALAY | B21: -34.019015667481014, 18.624391145998562
A22: NOLUNGILE | B22: -34.016811809063164, 18.64902361716287
A23: NONKQUBELA | B23: -34.02681746271161, 18.663190611341626
A24: KHAYELITSHA | B24: -34.047943373751565, 18.67073769040669
A25: KUYASA | B25: -34.05489939537871, 18.692323957717754
A26: CHRIS HANI | B26: -34.054706073305944, 18.710707924836054
A27: LAVISTOWN | B27: -33.943269567798055, 18.583722311337315
A28: BELHAR | B28: -33.93959717971092, 18.60894476900841
A29: UNIBELL | B29: -33.93686354314193, 18.628117540172582
A30: PENTECH | B30: -33.93468015167005, 18.646053668734744
A31: SAREPTA | B31: -33.92655594121331, 18.661143180651308
A32: BELLVILLE | B32: -33.906263459762684, 18.62662128465745

Sheet KAP-to-CT_Sat
A1: Last Updated: | B1: Unspecified
A2: STATION | B2: COORDINATES | C2: 9500 | D2: 9502 | E2: 9504 | F2: 9506 | G2: 9508 | H2: 9510 | I2: 9512 | J2: 9514
A3: BELLVILLE | B3: -33.906263459762684, 18.62662128465745
A4: SAREPTA | B4: -33.92655594121331, 18.661143180651308
A5: PENTECH | B5: -33.93468015167005, 18.646053668734744
A6: UNIBELL | B6: -33.93686354314193, 18.628117540172582
A7: BELHAR | B7: -33.93959717971092, 18.60894476900841
A8: LAVISTOWN | B8: -33.943269567798055, 18.583722311337315
A9: CHRIS HANI | B9: -34.054706073305944, 18.710707924836054
A10: KUYASA | B10: -34.05489939537871, 18.692323957717754
A11: KHAYELITSHA | B11: -34.047943373751565, 18.67073769040669
A12: NONKQUBELA | B12: -34.02681746271161, 18.663190611341626
A13: NOLUNGILE | B13: -34.016811809063164, 18.64902361716287
A14: MANDALAY | B14: -34.019015667481014, 18.624391145998562
A15: STOCK ROAD | B15: -34.01412292128464, 18.606174209491407
A16: KAPTEINSKLIP | B16: -34.06755873543257, 18.620534480658506 | C16: 0.19791667 | D16: 0.27569444 | E16: 0.32291667 | F16: 0.375 | G16: 0.42847222 | H16: 0.48611111 | I16: 0.52777778 | J16: 0.58680556
A17: MITCHELL'S PLAIN | B17: -34.0504610838304, 18.619222253671435 | C17: 0.20347222 | D17: 0.28125 | E17: 0.32847222 | F17: 0.38055556 | G17: 0.43402778 | H17: 0.49166667 | I17: 0.53333333 | J17: 0.59236111
A18: LENTEGEUR | B18: -34.03418971685345, 18.611322738328173 | C18: 0.20833333 | D18: 0.28611111 | E18: 0.33333333 | F18: 0.38541667 | G18: 0.43888889 | H18: 0.49652778 | I18: 0.53819444 | J18: 0.59722222
A19: PHILIPPI | B19: -34.01328895709482, 18.584421561340882 | C19: 0.21180556 | D19: 0.28958333 | E19: 0.33680556 | F19: 0.38888889 | G19: 0.44236111 | H19: 0.5 | I19: 0.54166667 | J19: 0.60069444
A20: NYANGA | B20: -33.99271379632963, 18.559776951819032 | C20: 0.21458333 | D20: 0.29236111 | E20: 0.33958333 | F20: 0.39166667 | G20: 0.44513889 | H20: 0.50277778 | I20: 0.54444444 | J20: 0.60347222
A21: BONTEHEUWEL | B21: -33.94185049480737, 18.549579817876847 | C21: 0.21875 | D21: 0.29652778 | E21: 0.34375 | F21: 0.39583333 | G21: 0.44930556 | H21: 0.50694444 | I21: 0.54861111 | J21: 0.60763889
A22: LANGA | B22: -33.938934072196076, 18.52974423065194 | C22: 0.22083333 | D22: 0.29861111 | E22: 0.34583333 | F22: 0.39791667 | G22: 0.45138889 | H22: 0.50902778 | I22: 0.55069444 | J22: 0.60972222
A23: MUTUAL | B23: -33.92209345116931, 18.511988082500565
A24: YSTERPLAAT | B24: -33.9199022523178, 18.476775305514295
A25: ESPLANADE | B25: -33.923640784366874, 18.446037955514498
A26: PINELANDS | B26: -33.93964476336891, 18.490635019900687 | C26: 0.22291667 | D26: 0.30069444 | E26: 0.34791667 | F26: 0.4 | G26: 0.45347222 | H26: 0.51111111 | I26: 0.55277778 | J26: 0.61180556
A27: NDABENI | B27: -33.928548273196824, 18.495159894144553 | C27: 0.22430556 | D27: 0.30208333 | E27: 0.34930556 | F27: 0.40138889 | G27: 0.45486111 | H27: 0.5125 | I27: 0.55416667 | J27: 0.61319444
A28: MAITLAND | B28: -33.92465193392986, 18.487001988940953 | C28: 0.22638889 | D28: 0.30416667 | E28: 0.35138889 | F28: 0.40347222 | G28: 0.45694444 | H28: 0.51458333 | I28: 0.55625 | J28: 0.61527778
A29: KOEBERG RD | B29: -33.92570961024241, 18.47887742815667 | C29: 0.22847222 | D29: 0.30625 | E29: 0.35347222 | F29: 0.40555556 | G29: 0.45902778 | H29: 0.51666667 | I29: 0.55833333 | J29: 0.61736111
A30: SALT RIVER | B30: -33.92754558428959, 18.464689555116372 | C30: 0.23055556 | D30: 0.30833333 | E30: 0.35555556 | F30: 0.40763889 | G30: 0.46111111 | H30: 0.51875 | I30: 0.56041667 | J30: 0.61944444
A31: WOODSTOCK | B31: -33.925058308184404, 18.44613913370814 | C31: 0.23402778 | D31: 0.31180556 | E31: 0.35902778 | F31: 0.41111111 | G31: 0.46458333 | H31: 0.52222222 | I31: 0.56388889 | J31: 0.62291667
A32: CAPE TOWN | B32: -33.92363127060243, 18.42718648501388 | C32: 0.23819444 | D32: 0.31597222 | E32: 0.36319444 | F32: 0.41527778 | G32: 0.46875 | H32: 0.52638889 | I32: 0.56805556 | J32: 0.62708333

Sheet MUTUL-to-BELLV_Weekday
A1: Last Updated: | B1: 46181 | C1: =SORT(A2:A14, ROW(A2:A14), 0)
A2: STATION | B2: COORDINATES | C2: 9001 | D2: 9003 | E2: 9005 | F2: 9007 | G2: 9009 | H2: 9011 | I2: 9013 | J2: 9015 | K2: 9017 | L2: 9019 | M2: 9021 | N2: 9023 | O2: 9025 | P2: 9027
A3: CAPE TOWN | B3: -33.92363127060243, 18.42718648501388
A4: WOODSTOCK | B4: -33.925058308184404, 18.44613913370814
A5: SALT RIVER | B5: -33.92754558428959, 18.464689555116372
A6: KOEBERG RD | B6: -33.92570961024241, 18.47887742815667
A7: MAITLAND | B7: -33.92465193392986, 18.487001988940953
A8: NDABENI | B8: -33.928548273196824, 18.495159894144553
A9: PINELANDS | B9: -33.93964476336891, 18.490635019900687
A10: ESPLANADE | B10: -33.923640784366874, 18.446037955514498
A11: YSTERPLAAT | B11: -33.9199022523178, 18.476775305514295
A12: MUTUAL | B12: -33.92209345116931, 18.511988082500565 | C12: 0.23263889 | D12: 0.26736111 | E12: 0.28819444 | F12: 0.32986111 | G12: 0.38541667 | H12: 0.40625 | I12: 0.46180556 | J12: 0.52083333 | K12: 0.58333333 | L12: 0.65277778 | M12: 0.70138889 | N12: 0.72222222 | O12: 0.76388889 | P12: 0.79166667
A13: LANGA | B13: -33.938934072196076, 18.52974423065194 | C13: 0.23611111 | D13: 0.27083333 | E13: 0.29166667 | F13: 0.33333333 | G13: 0.38888889 | H13: 0.40972222 | I13: 0.46527778 | J13: 0.52430556 | K13: 0.58680556 | L13: 0.65625 | M13: 0.70486111 | N13: 0.72569444 | O13: 0.76736111 | P13: 0.79513889
A14: BONTEHEUWEL | B14: -33.94185049480737, 18.549579817876847 | C14: 0.2375 | D14: 0.27222222 | E14: 0.29305556 | F14: 0.33472222 | G14: 0.39027778 | H14: 0.41111111 | I14: 0.46666667 | J14: 0.52569444 | K14: 0.58819444 | L14: 0.65763889 | M14: 0.70625 | N14: 0.72708333 | O14: 0.76875 | P14: 0.79652778
A15: NETREG | B15: -33.952666168847884, 18.56356622880313
A16: HEIDEVELD | B16: -33.969594701133275, 18.56187725551686
A17: NYANGA | B17: -33.99271379632963, 18.559776951819032
A18: PHILIPPI | B18: -34.01328895709482, 18.584421561340882
A19: LENTEGEUR | B19: -34.03418971685345, 18.611322738328173
A20: MITCHELL'S PLAIN | B20: -34.0504610838304, 18.619222253671435
A21: KAPTEINSKLIP | B21: -34.06755873543257, 18.620534480658506
A22: STOCK ROAD | B22: -34.01412292128464, 18.606174209491407
A23: MANDALAY | B23: -34.019015667481014, 18.624391145998562
A24: NOLUNGILE | B24: -34.016811809063164, 18.64902361716287
A25: NONKQUBELA | B25: -34.02681746271161, 18.663190611341626
A26: KHAYELITSHA | B26: -34.047943373751565, 18.67073769040669
... A28: CHRIS HANI | B28: -34.054706073305944, 18.710707924836054
A29: LAVISTOWN | B29: -33.943269567798055, 18.583722311337315 | C29: 0.23958333 | D29: 0.27430556 | E29: 0.29513889 | F29: 0.33680556 | G29: 0.39236111 | H29: 0.41319444 | I29: 0.46875 | J29: 0.52777778 | K29: 0.59027778 | L29: 0.65972222 | M29: 0.70833333 | N29: 0.72916667 | O29: 0.77083333 | P29: 0.79861111
A30: BELHAR | B30: -33.93959717971092, 18.60894476900841 | C30: 0.24305556 | D30: 0.27777778 | E30: 0.29861111 | F30: 0.34027778 | G30: 0.39583333 | H30: 0.41666667 | I30: 0.47222222 | J30: 0.53125 | K30: 0.59375 | L30: 0.66319444 | M30: 0.71180556 | N30: 0.73263889 | O30: 0.77430556 | P30: 0.80208333
A31: UNIBELL | B31: -33.93686354314193, 18.628117540172582 | C31: 0.24513889 | D31: 0.27986111 | E31: 0.30069444 | F31: 0.34236111 | G31: 0.39791667 | H31: 0.41875 | I31: 0.47430556 | J31: 0.53333333 | K31: 0.59583333 | L31: 0.66527778 | M31: 0.71388889 | N31: 0.73472222 | O31: 0.77638889 | P31: 0.80416667
A32: PENTECH | B32: -33.93468015167005, 18.646053668734744 | C32: 0.24791667 | D32: 0.28263889 | E32: 0.30347222 | F32: 0.34513889 | G32: 0.40069444 | H32: 0.42152778 | I32: 0.47708333 | J32: 0.53611111 | K32: 0.59861111 | L32: 0.66805556 | M32: 0.71666667 | N32: 0.7375 | O32: 0.77916667 | P32: 0.80694444
A33: SAREPTA | B33: -33.92655594121331, 18.661143180651308 | C33: 0.25 | D33: 0.28472222 | E33: 0.30555556 | F33: 0.34722222 | G33: 0.40277778 | H33: 0.42361111 | I33: 0.47916667 | J33: 0.53819444 | K33: 0.60069444 | L33: 0.67013889 | M33: 0.71875 | N33: 0.73958333 | O33: 0.78125 | P33: 0.80902778
A34: BELLVILLE | B34: -33.906263459762684, 18.62662128465745 | C34: 0.25347222 | D34: 0.28819444 | E34: 0.30902778 | F34: 0.35069444 | G34: 0.40625 | H34: 0.42708333 | I34: 0.48263889 | J34: 0.54166667 | K34: 0.60416667 | L34: 0.67361111 | M34: 0.72222222 | N34: 0.74305556 | O34: 0.78472222 | P34: 0.8125

Sheet BELLV-to-MUTUL_Weekday
A1: Last Updated: | B1: 46181
A2: STATION | B2: COORDINATES | C2: 9002 | D2: 9004 | E2: 9006 | F2: 9008 | G2: 9010 | H2: 9012 | I2: 9014 | J2: 9016 | K2: 9018 | L2: 9020 | M2: 9022 | N2: 9024 | O2: 9026 | P2: 9028
A3: BELLVILLE | B3: -33.906263459762684, 18.62662128465745 | C3: 0.23263889 | D3: 0.26041667 | E3: 0.29513889 | F3: 0.35763889 | G3: 0.38194444 | H3: 0.43402778 | I3: 0.49305556 | J3: 0.53472222 | K3: 0.55208333 | L3: 0.61458333 | M3: 0.65277778 | N3: 0.68402778 | O3: 0.73611111 | P3: 0.76388889
A4: SAREPTA | B4: -33.92655594121331, 18.661143180651308 | C4: 0.23680556 | D4: 0.26458333 | E4: 0.29930556 | F4: 0.36180556 | G4: 0.38611111 | H4: 0.43819444 | I4: 0.49722222 | J4: 0.53888889 | K4: 0.55625 | L4: 0.61875 | M4: 0.65694444 | N4: 0.68819444 | O4: 0.74027778 | P4: 0.76805556
A5: PENTECH | B5: -33.93468015167005, 18.646053668734744 | C5: 0.23888889 | D5: 0.26666667 | E5: 0.30138889 | F5: 0.36388889 | G5: 0.38819444 | H5: 0.44027778 | I5: 0.49930556 | J5: 0.54097222 | K5: 0.55833333 | L5: 0.62083333 | M5: 0.65902778 | N5: 0.69027778 | O5: 0.74236111 | P5: 0.77013889
A6: UNIBELL | B6: -33.93686354314193, 18.628117540172582 | C6: 0.24166667 | D6: 0.26944444 | E6: 0.30416667 | F6: 0.36666667 | G6: 0.39097222 | H6: 0.44305556 | I6: 0.50208333 | J6: 0.54375 | K6: 0.56111111 | L6: 0.62361111 | M6: 0.66180556 | N6: 0.69305556 | O6: 0.74513889 | P6: 0.77291667
A7: BELHAR | B7: -33.93959717971092, 18.60894476900841 | C7: 0.24444444 | D7: 0.27222222 | E7: 0.30694444 | F7: 0.36944444 | G7: 0.39375 | H7: 0.44583333 | I7: 0.50486111 | J7: 0.54652778 | K7: 0.56388889 | L7: 0.62638889 | M7: 0.66458333 | N7: 0.69583333 | O7: 0.74791667 | P7: 0.77569444
A8: LAVISTOWN | B8: -33.943269567798055, 18.583722311337315 | C8: 0.24652778 | D8: 0.27430556 | E8: 0.30902778 | F8: 0.37152778 | G8: 0.39583333 | H8: 0.44791667 | I8: 0.50694444 | J8: 0.54861111 | K8: 0.56597222 | L8: 0.62847222 | M8: 0.66666667 | N8: 0.69791667 | O8: 0.75 | P8: 0.77777778
A9: CHRIS HANI | B9: -34.054706073305944, 18.710707924836054
A10: KUYASA | B10: -34.05489939537871, 18.692323957717754
A11: KHAYELITSHA | B11: -34.047943373751565, 18.67073769040669
A12: NONKQUBELA | B12: -34.02681746271161, 18.663190611341626
A13: NOLUNGILE | B13: -34.016811809063164, 18.64902361716287
A14: MANDALAY | B14: -34.019015667481014, 18.624391145998562
A15: STOCK ROAD | B15: -34.01412292128464, 18.606174209491407
A16: KAPTEINSKLIP | B16: -34.06755873543257, 18.620534480658506
A17: MITCHELL'S PLAIN | B17: -34.0504610838304, 18.619222253671435
A18: LENTEGEUR | B18: -34.03418971685345, 18.611322738328173
A19: PHILIPPI | B19: -34.01328895709482, 18.584421561340882
A20: NYANGA | B20: -33.99271379632963, 18.559776951819032
... A22: NETREG | B22: -33.952620288476226, 18.563580552945645
A23: BONTEHEUWEL | B23: -33.94185049480737, 18.549579817876847 | C23: 0.24791667 | D23: 0.27569444 | E23: 0.31041667 | F23: 0.37291667 | G23: 0.39722222 | H23: 0.44930556 | I23: 0.50833333 | J23: 0.55 | K23: 0.56736111 | L23: 0.62986111 | M23: 0.66805556 | N23: 0.69930556 | O23: 0.75138889 | P23: 0.77916667
A24: LANGA | B24: -33.938934072196076, 18.52974423065194 | C24: 0.25 | D24: 0.27777778 | E24: 0.3125 | F24: 0.375 | G24: 0.39930556 | H24: 0.45138889 | I24: 0.51041667 | J24: 0.55208333 | K24: 0.56944444 | L24: 0.63194444 | M24: 0.67013889 | N24: 0.70138889 | O24: 0.75347222 | P24: 0.78125
A25: MUTUAL | B25: -33.92209345116931, 18.511988082500565 | C25: 0.25347222 | D25: 0.28125 | E25: 0.31597222 | F25: 0.37847222 | G25: 0.40277778 | H25: 0.45486111 | I25: 0.51388889 | J25: 0.55555556 | K25: 0.57291667 | L25: 0.63541667 | M25: 0.67361111 | N25: 0.70486111 | O25: 0.75694444 | P25: 0.78472222
A26: YSTERPLAAT | B26: -33.9199022523178, 18.476775305514295
A27: ESPLANADE | B27: -33.923640784366874, 18.446037955514498
A28: PINELANDS | B28: -33.93964476336891, 18.490635019900687
A29: NDABENI | B29: -33.928548273196824, 18.495159894144553
A30: MAITLAND | B30: -33.92465193392986, 18.487001988940953
A31: KOEBERG RD | B31: -33.92570961024241, 18.47887742815667
A32: SALT RIVER | B32: -33.92754558428959, 18.464689555116372
A33: WOODSTOCK | B33: -33.925058308184404, 18.44613913370814
A34: CAPE TOWN | B34: -33.92363127060243, 18.42718648501388

Sheet MUTUL-to-BELLV_Sat
A1: Last Updated: | B1: Unspecified
A2: STATION | B2: COORDINATES | C2: 9001 | D2: 9003 | E2: 9005 | F2: 9007 | G2: 9009
A3: CAPE TOWN | B3: -33.92363127060243, 18.42718648501388
A4: WOODSTOCK | B4: -33.925058308184404, 18.44613913370814
A5: SALT RIVER | B5: -33.92754558428959, 18.464689555116372
A6: KOEBERG RD | B6: -33.92570961024241, 18.47887742815667
A7: MAITLAND | B7: -33.92465193392986, 18.487001988940953
A8: NDABENI | B8: -33.928548273196824, 18.495159894144553
A9: PINELANDS | B9: -33.93964476336891, 18.490635019900687
A10: ESPLANADE | B10: -33.923640784366874, 18.446037955514498
A11: YSTERPLAAT | B11: -33.9199022523178, 18.476775305514295
A12: MUTUAL | B12: -33.92209345116931, 18.511988082500565 | C12: 0.27083333 | D12: 0.33333333 | E12: 0.38888889 | F12: 0.47916667 | G12: 0.53472222
A13: LANGA | B13: -33.938934072196076, 18.52974423065194 | C13: 0.27430556 | D13: 0.33680556 | E13: 0.39236111 | F13: 0.48263889 | G13: 0.53819444
A14: BONTEHEUWEL | B14: -33.94185049480737, 18.549579817876847 | C14: 0.27569444 | D14: 0.33819444 | E14: 0.39375 | F14: 0.48402778 | G14: 0.53958333
A15: NYANGA | B15: -33.99271379632963, 18.559776951819032
A16: PHILIPPI | B16: -34.01328895709482, 18.584421561340882
A17: LENTEGEUR | B17: -34.03418971685345, 18.611322738328173
A18: MITCHELL'S PLAIN | B18: -34.0504610838304, 18.619222253671435
A19: KAPTEINSKLIP | B19: -34.06755873543257, 18.620534480658506
A20: STOCK ROAD | B20: -34.01412292128464, 18.606174209491407
A21: MANDALAY | B21: -34.019015667481014, 18.624391145998562
A22: NOLUNGILE | B22: -34.016811809063164, 18.64902361716287
A23: NONKQUBELA | B23: -34.02681746271161, 18.663190611341626
A24: KHAYELITSHA | B24: -34.047943373751565, 18.67073769040669
A25: KUYASA | B25: -34.05489939537871, 18.692323957717754
A26: CHRIS HANI | B26: -34.054706073305944, 18.710707924836054
A27: LAVISTOWN | B27: -33.943269567798055, 18.583722311337315 | C27: 0.27777778 | D27: 0.34027778 | E27: 0.39583333 | F27: 0.48611111 | G27: 0.54166667
A28: BELHAR | B28: -33.93959717971092, 18.60894476900841 | C28: 0.28125 | D28: 0.34375 | E28: 0.39930556 | F28: 0.48958333 | G28: 0.54513889
A29: UNIBELL | B29: -33.93686354314193, 18.628117540172582 | C29: 0.28333333 | D29: 0.34583333 | E29: 0.40138889 | F29: 0.49166667 | G29: 0.54722222
A30: PENTECH | B30: -33.93468015167005, 18.646053668734744 | C30: 0.28611111 | D30: 0.34861111 | E30: 0.40416667 | F30: 0.49444444 | G30: 0.55
A31: SAREPTA | B31: -33.92655594121331, 18.661143180651308 | C31: 0.28819444 | D31: 0.35069444 | E31: 0.40625 | F31: 0.49652778 | G31: 0.55208333
A32: BELLVILLE | B32: -33.906263459762684, 18.62662128465745 | C32: 0.29166667 | D32: 0.35416667 | E32: 0.40972222 | F32: 0.5 | G32: 0.55555556

Sheet BELLV-to-MUTUL_Sat
A1: Last Updated: | B1: Unspecified
A2: STATION | B2: COORDINATES | C2: 9002 | D2: 9004 | E2: 9008 | F2: 9008 | G2: 9010 | H2: 9012
A3: BELLVILLE | B3: -33.906263459762684, 18.62662128465745 | C3: 0.24305556 | D3: 0.30555556 | E3: 0.36111111 | F3: 0.45138889 | G3: 0.50694444 | H3: 0.5625
A4: SAREPTA | B4: -33.92655594121331, 18.661143180651308 | C4: 0.24722222 | D4: 0.30972222 | E4: 0.36527778 | F4: 0.45555556 | G4: 0.51111111 | H4: 0.56666667
A5: PENTECH | B5: -33.93468015167005, 18.646053668734744 | C5: 0.24930556 | D5: 0.31180556 | E5: 0.36736111 | F5: 0.45763889 | G5: 0.51319444 | H5: 0.56875
A6: UNIBELL | B6: -33.93686354314193, 18.628117540172582 | C6: 0.25208333 | D6: 0.31458333 | E6: 0.37013889 | F6: 0.46041667 | G6: 0.51597222 | H6: 0.57152778
A7: BELHAR | B7: -33.93959717971092, 18.60894476900841 | C7: 0.25486111 | D7: 0.31736111 | E7: 0.37291667 | F7: 0.46319444 | G7: 0.51875 | H7: 0.57430556
A8: LAVISTOWN | B8: -33.943269567798055, 18.583722311337315 | C8: 0.25694444 | D8: 0.31944444 | E8: 0.375 | F8: 0.46527778 | G8: 0.52083333 | H8: 0.57638889
A9: CHRIS HANI | B9: -34.054706073305944, 18.710707924836054
A10: KUYASA | B10: -34.05489939537871, 18.692323957717754
A11: KHAYELITSHA | B11: -34.047943373751565, 18.67073769040669
A12: NONKQUBELA | B12: -34.02681746271161, 18.663190611341626
A13: NOLUNGILE | B13: -34.016811809063164, 18.64902361716287
A14: MANDALAY | B14: -34.019015667481014, 18.624391145998562
A15: STOCK ROAD | B15: -34.01412292128464, 18.606174209491407
A16: KAPTEINSKLIP | B16: -34.06755873543257, 18.620534480658506
A17: MITCHELL'S PLAIN | B17: -34.0504610838304, 18.619222253671435
A18: LENTEGEUR | B18: -34.03418971685345, 18.611322738328173
A19: PHILIPPI | B19: -34.01328895709482, 18.584421561340882
A20: NYANGA | B20: -33.99271379632963, 18.559776951819032
A21: BONTEHEUWEL | B21: -33.94185049480737, 18.549579817876847 | C21: 0.25833333 | D21: 0.32083333 | E21: 0.37638889 | F21: 0.46666667 | G21: 0.52222222 | H21: 0.57777778
A22: LANGA | B22: -33.938934072196076, 18.52974423065194 | C22: 0.26041667 | D22: 0.32291667 | E22: 0.37847222 | F22: 0.46875 | G22: 0.52430556 | H22: 0.57986111
A23: MUTUAL | B23: -33.92209345116931, 18.511988082500565 | C23: 0.26388889 | D23: 0.32638889 | E23: 0.38194444 | F23: 0.47222222 | G23: 0.52777778 | H23: 0.58333333
A24: YSTERPLAAT | B24: -33.9199022523178, 18.476775305514295
A25: ESPLANADE | B25: -33.923640784366874, 18.446037955514498
A26: PINELANDS | B26: -33.93964476336891, 18.490635019900687
A27: NDABENI | B27: -33.928548273196824, 18.495159894144553
A28: MAITLAND | B28: -33.92465193392986, 18.487001988940953
A29: KOEBERG RD | B29: -33.92570961024241, 18.47887742815667
A30: SALT RIVER | B30: -33.92754558428959, 18.464689555116372
A31: WOODSTOCK | B31: -33.925058308184404, 18.44613913370814
A32: CAPE TOWN | B32: -33.92363127060243, 18.42718648501388

Sheet CT-to-NOLU_Weekday
A1: Last Updated: | B1: 46181
A2: STATION | B2: COORDINATES | C2: 9703 | D2: 9401 | E2: 9403 | F2: 9405 | G2: 9407 | H2: 9409 | I2: 9411 | J2: 9413 | K2: 9415
A3: CAPE TOWN | B3: -33.92363127060243, 18.42718648501388 | C3: 0.14930556 | D3: 0.24305556 | E3: 0.29513889 | F3: 0.34930556 | G3: 0.49652778 | H3: 0.59027778 | I3: 0.64930556 | J3: 0.72430556 | K3: 0.75694444
A4: WOODSTOCK | B4: -33.925058308184404, 18.44613913370814
A5: SALT RIVER | B5: -33.92754558428959, 18.464689555116372
A6: KOEBERG RD | B6: -33.92570961024241, 18.47887742815667
A7: MAITLAND | B7: -33.92465193392986, 18.487001988940953
A8: NDABENI | B8: -33.928548273196824, 18.495159894144553
A9: PINELANDS | B9: -33.93964476336891, 18.490635019900687
A10: ESPLANADE | B10: -33.923640784366874, 18.446037955514498 | C10: 0.15625 | D10: 0.25 | E10: 0.30208333 | F10: 0.35625 | G10: 0.50347222 | H10: 0.59722222 | I10: 0.65625 | J10: 0.73125 | K10: 0.76388889
A11: YSTERPLAAT | B11: -33.9199022523178, 18.476775305514295 | C11: 0.16458333 | D11: 0.25833333 | E11: 0.31041667 | F11: 0.36458333 | G11: 0.51180556 | H11: 0.60555556 | I11: 0.66458333 | J11: 0.73958333 | K11: 0.77222222
A12: MUTUAL | B12: -33.92209345116931, 18.511988082500565 | C12: 0.16805556 | D12: 0.26180556 | E12: 0.31388889 | F12: 0.36805556 | G12: 0.51527778 | H12: 0.60902778 | I12: 0.66805556 | J12: 0.74305556 | K12: 0.77569444
A13: LANGA | B13: -33.938934072196076, 18.52974423065194 | C13: 0.17152778 | D13: 0.26527778 | E13: 0.31736111 | F13: 0.37152778 | G13: 0.51875 | H13: 0.6125 | I13: 0.67152778 | J13: 0.74652778 | K13: 0.77916667
A14: BONTEHEUWEL | B14: -33.94185049480737, 18.549579817876847 | C14: 0.17291667 | D14: 0.26666667 | E14: 0.31875 | F14: 0.37291667 | G14: 0.52013889 | H14: 0.61388889 | I14: 0.67291667 | J14: 0.74791667 | K14: 0.78055556
A15: NETREG | B15: -33.952666168847884, 18.56356622880313 | C15: 0.17430556 | D15: 0.26805556 | E15: 0.32013889 | F15: 0.37430556 | G15: 0.52152778 | H15: 0.61527778 | I15: 0.67430556 | J15: 0.74930556 | K15: 0.78194444
A16: HEIDEVELD | B16: -33.969594701133275, 18.56187725551686 | C16: 0.175 | D16: 0.26875 | E16: 0.32083333 | F16: 0.375 | G16: 0.52222222 | H16: 0.61597222 | I16: 0.675 | J16: 0.75 | K16: 0.78263889
A17: NYANGA | B17: -33.99271379632963, 18.559776951819032 | C17: 0.17777778 | D17: 0.27152778 | E17: 0.32361111 | F17: 0.37777778 | G17: 0.525 | H17: 0.61875 | I17: 0.67777778 | J17: 0.75277778 | K17: 0.78541667
A18: PHILIPPI | B18: -34.01328895709482, 18.584421561340882 | C18: 0.18194444 | D18: 0.27569444 | E18: 0.32777778 | F18: 0.38194444 | G18: 0.52916667 | H18: 0.62083333 | I18: 0.68194444 | J18: 0.75694444 | K18: 0.78958333
A19: LENTEGEUR | B19: -34.03418971685345, 18.611322738328173
A20: MITCHELL'S PLAIN | B20: -34.0504610838304, 18.619222253671435
A21: KAPTEINSKLIP | B21: -34.06755873543257, 18.620534480658506
A22: STOCK ROAD | B22: -34.01412292128464, 18.606174209491407 | C22: 0.18472222 | D22: 0.27847222 | E22: 0.33055556 | F22: 0.38472222 | G22: 0.53194444 | H22: 0.62361111 | I22: 0.68472222 | J22: 0.75972222 | K22: 0.79236111
A23: MANDALAY | B23: -34.019015667481014, 18.624391145998562 | C23: 0.1875 | D23: 0.28125 | E23: 0.33333333 | F23: 0.3875 | G23: 0.53472222 | H23: 0.62638889 | I23: 0.6875 | J23: 0.7625 | K23: 0.79513889
A24: NOLUNGILE | B24: -34.016811809063164, 18.64902361716287 | C24: 0.18819444 | D24: 0.28402778 | E24: 0.33611111 | F24: 0.39027778 | G24: 0.5375 | H24: 0.63194444 | I24: 0.69027778 | J24: 0.76527778 | K24: 0.79861111
A25: NONKQUBELA | B25: -34.02681746271161, 18.663190611341626
A26: KHAYELITSHA | B26: -34.047943373751565, 18.67073769040669
A27: KUYASA | B27: -34.05489939537871, 18.692323957717754
A28: CHRIS HANI | B28: -34.054706073305944, 18.710707924836054
A29: LAVISTOWN | B29: -33.943269567798055, 18.583722311337315
A30: BELHAR | B30: -33.93959717971092, 18.60894476900841
A31: UNIBELL | B31: -33.93686354314193, 18.628117540172582
A32: PENTECH | B32: -33.93468015167005, 18.646053668734744
A33: SAREPTA | B33: -33.92655594121331, 18.661143180651308
A34: BELLVILLE | B34: -33.906263459762684, 18.62662128465745

Sheet NOLU-to-CT_Weekday
A1: Last Updated: | B1: 46181 | C1: Z1
A2: STATION | B2: COORDINATES | C2: 9301
A3: CAPE TOWN | B3: -33.92363127060243, 18.42718648501388 | C3: 0.21666667
A4: WOODSTOCK | B4: -33.925058308184404, 18.44613913370814 | C4: 0.21875
A5: SALT RIVER | B5: -33.92754558428959, 18.464689555116372 | C5: 0.22083333
A6: KOEBERG RD | B6: -33.92570961024241, 18.47887742815667 | C6: 0.22222222
A7: MAITLAND | B7: -33.92465193392986, 18.487001988940953 | C7: 0.22361111
A8: NDABENI | B8: -33.928548273196824, 18.495159894144553 | C8: 0.22569444
A9: PINELANDS | B9: -33.93964476336891, 18.490635019900687 | C9: 0.22777778
A10: ESPLANADE | B10: -33.923640784366874, 18.446037955514498
A11: YSTERPLAAT | B11: -33.9199022523178, 18.476775305514295
A12: MUTUAL | B12: -33.92209345116931, 18.511988082500565
A13: LANGA | B13: -33.938934072196076, 18.52974423065194 | C13: 0.23194444
A14: BONTEHEUWEL | B14: -33.94185049480737, 18.549579817876847 | C14: 0.23333333
A15: NETREG | B15: -33.952666168847884, 18.56356622880313 | C15: 0.23472222
A16: HEIDEVELD | B16: -33.969594701133275, 18.56187725551686 | C16: 0.23541667
A17: NYANGA | B17: -33.99271379632963, 18.559776951819032 | C17: 0.23819444
A18: PHILIPPI | B18: -34.01328895709482, 18.584421561340882 | C18: 0.24236111
A19: LENTEGEUR | B19: -34.03418971685345, 18.611322738328173
A20: MITCHELL'S PLAIN | B20: -34.0504610838304, 18.619222253671435
A21: KAPTEINSKLIP | B21: -34.06755873543257, 18.620534480658506
A22: STOCK ROAD | B22: -34.01412292128464, 18.606174209491407 | C22: 0.24513889
A23: MANDALAY | B23: -34.019015667481014, 18.624391145998562 | C23: 0.24791667
A24: NOLUNGILE | B24: -34.016811809063164, 18.64902361716287 | C24: 0.25069444
A25: NONKQUBELA | B25: -34.02681746271161, 18.663190611341626
A26: KHAYELITSHA | B26: -34.047943373751565, 18.67073769040669
A27: KUYASA | B27: -34.05489939537871, 18.692323957717754
A28: CHRIS HANI | B28: -34.054706073305944, 18.710707924836054
A29: LAVISTOWN | B29: -33.943269567798055, 18.583722311337315
A30: BELHAR | B30: -33.93959717971092, 18.60894476900841
A31: UNIBELL | B31: -33.93686354314193, 18.628117540172582
A32: PENTECH | B32: -33.93468015167005, 18.646053668734744
A33: SAREPTA | B33: -33.92655594121331, 18.661143180651308
A34: BELLVILLE | B34: -33.906263459762684, 18.62662128465745

Sheet CT-to-NOLU_Sat
A1: Last Updated: | B1: Unspecified
A2: STATION | B2: COORDINATES | C2: 9401 | D2: 9403 | E2: 9405 | F2: 9407
A3: CAPE TOWN | B3: -33.92363127060243, 18.42718648501388 | C3: 0.20972222 | D3: 0.26388889 | E3: 0.32291667 | F3: 0.5
A4: WOODSTOCK | B4: -33.925058308184404, 18.44613913370814
A5: SALT RIVER | B5: -33.92754558428959, 18.464689555116372
A6: KOEBERG RD | B6: -33.92570961024241, 18.47887742815667
A7: MAITLAND | B7: -33.92465193392986, 18.487001988940953
A8: NDABENI | B8: -33.928548273196824, 18.495159894144553
A9: PINELANDS | B9: -33.93964476336891, 18.490635019900687
A10: ESPLANADE | B10: -33.923640784366874, 18.446037955514498 | C10: 0.21666667 | D10: 0.27083333 | E10: 0.32986111 | F10: 0.50694444
A11: YSTERPLAAT | B11: -33.9199022523178, 18.476775305514295 | C11: 0.225 | D11: 0.27916667 | E11: 0.33819444 | F11: 0.51527778
A12: MUTUAL | B12: -33.92209345116931, 18.511988082500565 | C12: 0.22847222 | D12: 0.28263889 | E12: 0.34166667 | F12: 0.51875
A13: LANGA | B13: -33.938934072196076, 18.52974423065194 | C13: 0.23194444 | D13: 0.28611111 | E13: 0.34513889 | F13: 0.52222222
A14: BONTEHEUWEL | B14: -33.94185049480737, 18.549579817876847 | C14: 0.23333333 | D14: 0.2875 | E14: 0.34652778 | F14: 0.52361111
A15: NYANGA | B15: -33.99271379632963, 18.559776951819032 | C15: 0.23819444 | D15: 0.29236111 | E15: 0.35138889 | F15: 0.52847222
A16: PHILIPPI | B16: -34.01328895709482, 18.584421561340882 | C16: 0.24027778 | D16: 0.29444444 | E16: 0.35347222 | F16: 0.53055556
A17: LENTEGEUR | B17: -34.03418971685345, 18.611322738328173
A18: MITCHELL'S PLAIN | B18: -34.0504610838304, 18.619222253671435
A19: KAPTEINSKLIP | B19: -34.06755873543257, 18.620534480658506
A20: STOCK ROAD | B20: -34.01412292128464, 18.606174209491407 | C20: 0.24305556 | D20: 0.29722222 | E20: 0.35625 | F20: 0.53333333
A21: MANDALAY | B21: -34.019015667481014, 18.624391145998562 | C21: 0.24583333 | D21: 0.3 | E21: 0.35902778 | F21: 0.53611111
A22: NOLUNGILE | B22: -34.016811809063164, 18.64902361716287 | C22: 0.24861111 | D22: 0.30277778 | E22: 0.36180556 | F22: 0.53888889
A23: NONKQUBELA | B23: -34.02681746271161, 18.663190611341626
A24: KHAYELITSHA | B24: -34.047943373751565, 18.67073769040669
A25: KUYASA | B25: -34.05489939537871, 18.692323957717754
A26: CHRIS HANI | B26: -34.054706073305944, 18.710707924836054
A27: LAVISTOWN | B27: -33.943269567798055, 18.583722311337315
A28: BELHAR | B28: -33.93959717971092, 18.60894476900841
A29: UNIBELL | B29: -33.93686354314193, 18.628117540172582
A30: PENTECH | B30: -33.93468015167005, 18.646053668734744
A31: SAREPTA | B31: -33.92655594121331, 18.661143180651308
A32: BELLVILLE | B32: -33.906263459762684, 18.62662128465745

Sheet NOLU-to-CT_Sat
A1: Last Updated: | B1: Unspecified | C1: Z1
A2: STATION | B2: COORDINATES | C2: 9400 | D2: 9402 | E2: 9404 | F2: 9406 | G2: 9408
A3: BELLVILLE | B3: -33.906263459762684, 18.62662128465745
A4: SAREPTA | B4: -33.92655594121331, 18.661143180651308
A5: PENTECH | B5: -33.93468015167005, 18.646053668734744
A6: UNIBELL | B6: -33.93686354314193, 18.628117540172582
A7: BELHAR | B7: -33.93959717971092, 18.60894476900841
A8: LAVISTOWN | B8: -33.943269567798055, 18.583722311337315
A9: CHRIS HANI | B9: -34.054706073305944, 18.710707924836054
A10: KUYASA | B10: -34.05489939537871, 18.692323957717754
A11: KHAYELITSHA | B11: -34.047943373751565, 18.67073769040669
A12: NONKQUBELA | B12: -34.02681746271161, 18.663190611341626
A13: NOLUNGILE | B13: -34.016811809063164, 18.64902361716287 | C13: 0.19444444 | D13: 0.25833333 | E13: 0.31597222 | F13: 0.37152778 | G13: 0.54513889
A14: MANDALAY | B14: -34.019015667481014, 18.624391145998562 | C14: 0.19722222 | D14: 0.26111111 | E14: 0.31875 | F14: 0.37430556 | G14: 0.54791667
A15: STOCK ROAD | B15: -34.01412292128464, 18.606174209491407 | C15: 0.19930556 | D15: 0.26319444 | E15: 0.32083333 | F15: 0.37638889 | G15: 0.55
A16: KAPTEINSKLIP | B16: -34.06755873543257, 18.620534480658506
A17: MITCHELL'S PLAIN | B17: -34.0504610838304, 18.619222253671435
A18: LENTEGEUR | B18: -34.03418971685345, 18.611322738328173
A19: PHILIPPI | B19: -34.01328895709482, 18.584421561340882 | C19: 0.20277778 | D19: 0.26666667 | E19: 0.32430556 | F19: 0.37986111 | G19: 0.55347222
A20: NYANGA | B20: -33.99271379632963, 18.559776951819032 | C20: 0.20555556 | D20: 0.26944444 | E20: 0.32708333 | F20: 0.38263889 | G20: 0.55625
A21: BONTEHEUWEL | B21: -33.94185049480737, 18.549579817876847 | C21: 0.20972222 | D21: 0.27361111 | E21: 0.33125 | F21: 0.38680556 | G21: 0.56041667
A22: LANGA | B22: -33.938934072196076, 18.52974423065194 | C22: 0.21180556 | D22: 0.27569444 | E22: 0.33333333 | F22: 0.38888889 | G22: 0.5625
A23: MUTUAL | B23: -33.92209345116931, 18.511988082500565 | C23: 0.21527778 | D23: 0.27916667 | E23: 0.33680556 | F23: 0.39236111 | G23: 0.56597222
A24: YSTERPLAAT | B24: -33.9199022523178, 18.476775305514295 | C24: 0.22152778 | D24: 0.28541667 | E24: 0.34305556 | F24: 0.39861111 | G24: 0.57222222
A25: ESPLANADE | B25: -33.923640784366874, 18.446037955514498 | C25: 0.22986111 | D25: 0.29375 | E25: 0.35138889 | F25: 0.40694444 | G25: 0.58055556
A26: PINELANDS | B26: -33.93964476336891, 18.490635019900687
A27: NDABENI | B27: -33.928548273196824, 18.495159894144553
A28: MAITLAND | B28: -33.92465193392986, 18.487001988940953
A29: KOEBERG RD | B29: -33.92570961024241, 18.47887742815667
A30: SALT RIVER | B30: -33.92754558428959, 18.464689555116372
A31: WOODSTOCK | B31: -33.925058308184404, 18.44613913370814
A32: CAPE TOWN | B32: -33.92363127060243, 18.42718648501388 | C32: 0.23611111 | D32: 0.3 | E32: 0.35763889 | F32: 0.41388889 | G32: 0.58680556

Sheet CT-to-SIMON_Weekday
A1: Last Updated: | B1: 46055 | C1: Z1
A2: STATION | B2: COORDINATES | C2: 0101 | D2: 0103 | E2: 0105 | F2: 0107 | G2: 0109 | H2: 0111 | I2: 0113 | J2: 0115 | K2: 0117 | L2: 0119 | M2: 0121 | N2: 0123 | O2: 0125 | P2: 0127 | Q2: 0129 | R2: 0131 | S2: 0133 | T2: 0135 | U2: 0137 | V2: 0139 | W2: 0141 | X2: 0143 | Y2: 0145 | Z2: 0147 | AA2: 0149 | AB2: 0151 | AC2: 0153 | AD2: 0155 | AE2: 0157 | AF2: 0159 | AG2: 0161 | AH2: 0163 | AI2: 0165 | AJ2: 0167 | AK2: 0169 | AL2: 0171 | AM2: 0173 | AN2: 0175 | AO2: 0177 | AP2: 0179 | AQ2: 0181 | AR2: 0183 | AS2: 0185
A3: CAPE TOWN | B3: -33.92364274076298, 18.427186832421853 | E3: 0.21875 | F3: 0.22916667 | G3: 0.23958333 | H3: 0.25 | I3: 0.26041667 | J3: 0.28125 | K3: 0.29166667 | L3: 0.30208333 | M3: 0.3125 | N3: 0.32291667 | O3: 0.33680556 | P3: 0.35416667 | Q3: 0.375 | R3: 0.38888889 | S3: 0.41666667 | T3: 0.43055556 | U3: 0.45833333 | V3: 0.47222222 | W3: 0.5 | X3: 0.51388889 | Y3: 0.54166667 | Z3: 0.55555556 | AA3: 0.58333333 | AB3: 0.59722222 | AC3: 0.625 | AD3: 0.63541667 | AE3: 0.64583333 | AF3: 0.65625 | AG3: 0.66666667 | AH3: 0.67708333 | AI3: 0.6875 | AJ3: 0.69791667 | AK3: 0.70833333 | AL3: 0.71875 | AM3: 0.72916667 | AN3: 0.73958333 | AO3: 0.75 | AP3: 0.76041667 | AQ3: 0.77083333 | AR3: 0.78125 | AS3: 0.79166667
A4: WOODSTOCK | B4: -33.925091518292604, 18.44613476001006 | E4: 0.22083333 | F4: 0.23125 | G4: 0.24166667 | H4: 0.25208333 | I4: 0.2625 | J4: 0.28333333 | K4: 0.29375 | L4: 0.30416667 | M4: 0.31458333 | N4: 0.325 | O4: 0.33888889 | P4: 0.35625 | Q4: 0.37708333 | R4: 0.39097222 | S4: 0.41875 | T4: 0.43263889 | U4: 0.46041667 | V4: 0.47430556 | W4: 0.50208333 | X4: 0.51597222 | Y4: 0.54375 | Z4: 0.55763889 | AA4: 0.58541667 | AB4: 0.59930556 | AC4: 0.62708333 | AD4: 0.6375 | AE4: 0.64791667 | AF4: 0.65833333 | AG4: 0.66875 | AH4: 0.67916667 | AI4: 0.68958333 | AJ4: 0.7 | AK4: 0.71041667 | AL4: 0.72083333 | AM4: 0.73125 | AN4: 0.74166667 | AO4: 0.75208333 | AP4: 0.7625 | AQ4: 0.77291667 | AR4: 0.78333333 | AS4: 0.79375
A5: SALT RIVER | B5: -33.92754784267079, 18.464689103688738 | E5: 0.22291667 | F5: 0.23333333 | G5: 0.24375 | H5: 0.25416667 | I5: 0.26458333 | J5: 0.28541667 | K5: 0.29583333 | L5: 0.30625 | M5: 0.31666667 | N5: 0.32708333 | O5: 0.34097222 | P5: 0.35833333 | Q5: 0.37916667 | R5: 0.39305556 | S5: 0.42083333 | T5: 0.43472222 | U5: 0.4625 | V5: 0.47638889 | W5: 0.50416667 | X5: 0.51805556 | Y5: 0.54583333 | Z5: 0.55972222 | AA5: 0.5875 | AB5: 0.60138889 | AC5: 0.62916667 | AD5: 0.63958333 | AE5: 0.65 | AF5: 0.66041667 | AG5: 0.67083333 | AH5: 0.68125 | AI5: 0.69166667 | AJ5: 0.70208333 | AK5: 0.7125 | AL5: 0.72291667 | AM5: 0.73333333 | AN5: 0.74375 | AO5: 0.75416667 | AP5: 0.76458333 | AQ5: 0.775 | AR5: 0.78541667 | AS5: 0.79583333
A6: OBSERVATORY | B6: -33.938380813969594, 18.47150947571787 | E6: 0.225 | F6: 0.23541667 | G6: 0.24583333 | H6: 0.25625 | I6: 0.26666667 | J6: 0.2875 | K6: 0.29791667 | L6: 0.30833333 | M6: 0.31875 | N6: 0.32916667 | O6: 0.34305556 | P6: 0.36041667 | Q6: 0.38125 | R6: 0.39513889 | S6: 0.42291667 | T6: 0.43680556 | U6: 0.46458333 | V6: 0.47847222 | W6: 0.50625 | X6: 0.52013889 | Y6: 0.54791667 | Z6: 0.56180556 | AA6: 0.58958333 | AB6: 0.60347222 | AC6: 0.63125 | AD6: 0.64166667 | AE6: 0.65208333 | AF6: 0.6625 | AG6: 0.67291667 | AH6: 0.68333333 | AI6: 0.69375 | AJ6: 0.70416667 | AK6: 0.71458333 | AL6: 0.725 | AM6: 0.73541667 | AN6: 0.74583333 | AO6: 0.75625 | AP6: 0.76666667 | AQ6: 0.77708333 | AR6: 0.7875 | AS6: 0.79791667
A7: MOWBRAY | B7: -33.946781155732666, 18.473923102107495 | E7: 0.22638889 | F7: 0.23680556 | G7: 0.24722222 | H7: 0.25763889 | I7: 0.26805556 | J7: 0.28888889 | K7: 0.29930556 | L7: 0.30972222 | M7: 0.32013889 | N7: 0.33055556 | O7: 0.34444444 | P7: 0.36180556 | Q7: 0.38263889 | R7: 0.39652778 | S7: 0.42430556 | T7: 0.43819444 | U7: 0.46597222 | V7: 0.47986111 | W7: 0.50763889 | X7: 0.52152778 | Y7: 0.54930556 | Z7: 0.56319444 | AA7: 0.59097222 | AB7: 0.60486111 | AC7: 0.63263889 | AD7: 0.64305556 | AE7: 0.65347222 | AF7: 0.66388889 | AG7: 0.67430556 | AH7: 0.68472222 | AI7: 0.69513889 | AJ7: 0.70555556 | AK7: 0.71597222 | AL7: 0.72638889 | AM7: 0.73680556 | AN7: 0.74722222 | AO7: 0.75763889 | AP7: 0.76805556 | AQ7: 0.77847222 | AR7: 0.78888889 | AS7: 0.79930556
A8: ROSEBANK | B8: -33.95483322632044, 18.473123953446258 | E8: 0.22777778 | F8: 0.23819444 | G8: 0.24861111 | H8: 0.25902778 | I8: 0.26944444 | J8: 0.29027778 | K8: 0.30069444 | L8: 0.31111111 | M8: 0.32152778 | N8: 0.33194444 | O8: 0.34583333 | P8: 0.36319444 | Q8: 0.38402778 | R8: 0.39791667 | S8: 0.42569444 | T8: 0.43958333 | U8: 0.46736111 | V8: 0.48125 | W8: 0.50902778 | X8: 0.52291667 | Y8: 0.55069444 | Z8: 0.56458333 | AA8: 0.59236111 | AB8: 0.60625 | AC8: 0.63402778 | AD8: 0.64444444 | AE8: 0.65486111 | AF8: 0.66527778 | AG8: 0.67569444 | AH8: 0.68611111 | AI8: 0.69652778 | AJ8: 0.70694444 | AK8: 0.71736111 | AL8: 0.72777778 | AM8: 0.73819444 | AN8: 0.74861111 | AO8: 0.75902778 | AP8: 0.76944444 | AQ8: 0.77986111 | AR8: 0.79027778 | AS8: 0.80069444
A9: RONDEBOSCH | B9: -33.962154618762675, 18.472449011941002 | E9: 0.22916667 | F9: 0.23958333 | G9: 0.25 | H9: 0.26041667 | I9: 0.27083333 | J9: 0.29166667 | K9: 0.30208333 | L9: 0.3125 | M9: 0.32291667 | N9: 0.33333333 | O9: 0.34722222 | P9: 0.36458333 | Q9: 0.38541667 | R9: 0.39930556 | S9: 0.42708333 | T9: 0.44097222 | U9: 0.46875 | V9: 0.48263889 | W9: 0.51041667 | X9: 0.52430556 | Y9: 0.55208333 | Z9: 0.56597222 | AA9: 0.59375 | AB9: 0.60763889 | AC9: 0.63541667 | AD9: 0.64583333 | AE9: 0.65625 | AF9: 0.66666667 | AG9: 0.67708333 | AH9: 0.6875 | AI9: 0.69791667 | AJ9: 0.70833333 | AK9: 0.71875 | AL9: 0.72916667 | AM9: 0.73958333 | AN9: 0.75 | AO9: 0.76041667 | AP9: 0.77083333 | AQ9: 0.78125 | AR9: 0.79166667 | AS9: 0.80208333
A10: NEWLANDS | B10: -33.974516172260806, 18.467522132826836 | E10: 0.23125 | F10: 0.24166667 | G10: 0.25208333 | H10: 0.2625 | I10: 0.27291667 | J10: 0.29375 | K10: 0.30416667 | L10: 0.31458333 | M10: 0.325 | N10: 0.33541667 | O10: 0.34930556 | P10: 0.36666667 | Q10: 0.3875 | R10: 0.40138889 | S10: 0.42916667 | T10: 0.44305556 | U10: 0.47083333 | V10: 0.48472222 | W10: 0.5125 | X10: 0.52638889 | Y10: 0.55416667 | Z10: 0.56805556 | AA10: 0.59583333 | AB10: 0.60972222 | AC10: 0.6375 | AD10: 0.64791667 | AE10: 0.65833333 | AF10: 0.66875 | AG10: 0.67916667 | AH10: 0.68958333 | AI10: 0.7 | AJ10: 0.71041667 | AK10: 0.72083333 | AL10: 0.73125 | AM10: 0.74166667 | AN10: 0.75208333 | AO10: 0.7625 | AP10: 0.77291667 | AQ10: 0.78333333 | AR10: 0.79375 | AS10: 0.80416667
A11: CLAREMONT | B11: -33.981692819823294, 18.467026035248768 | E11: 0.23263889 | F11: 0.24305556 | G11: 0.25347222 | H11: 0.26388889 | I11: 0.27430556 | J11: 0.29513889 | K11: 0.30555556 | L11: 0.31597222 | M11: 0.32638889 | N11: 0.33680556 | O11: 0.35069444 | P11: 0.36805556 | Q11: 0.38888889 | R11: 0.40277778 | S11: 0.43055556 | T11: 0.44444444 | U11: 0.47222222 | V11: 0.48611111 | W11: 0.51388889 | X11: 0.52777778 | Y11: 0.55555556 | Z11: 0.56944444 | AA11: 0.59722222 | AB11: 0.61111111 | AC11: 0.63888889 | AD11: 0.64930556 | AE11: 0.65972222 | AF11: 0.67013889 | AG11: 0.68055556 | AH11: 0.69097222 | AI11: 0.70138889 | AJ11: 0.71180556 | AK11: 0.72222222 | AL11: 0.73263889 | AM11: 0.74305556 | AN11: 0.75347222 | AO11: 0.76388889 | AP11: 0.77430556 | AQ11: 0.78472222 | AR11: 0.79513889 | AS11: 0.80555556
A12: HARFIELD ROAD | B12: -33.98843037363466, 18.471305893701135 | E12: 0.23402778 | F12: 0.24444444 | G12: 0.25486111 | H12: 0.26527778 | I12: 0.27569444 | J12: 0.29652778 | K12: 0.30694444 | L12: 0.31736111 | M12: 0.32777778 | N12: 0.33819444 | O12: 0.35208333 | P12: 0.36944444 | Q12: 0.39027778 | R12: 0.40416667 | S12: 0.43194444 | T12: 0.44583333 | U12: 0.47361111 | V12: 0.4875 | W12: 0.51527778 | X12: 0.52916667 | Y12: 0.55694444 | Z12: 0.57083333 | AA12: 0.59861111 | AB12: 0.6125 | AC12: 0.64027778 | AD12: 0.65069444 | AE12: 0.66111111 | AF12: 0.67152778 | AG12: 0.68194444 | AH12: 0.69236111 | AI12: 0.70277778 | AJ12: 0.71319444 | AK12: 0.72361111 | AL12: 0.73402778 | AM12: 0.74444444 | AN12: 0.75486111 | AO12: 0.76527778 | AP12: 0.77569444 | AQ12: 0.78611111 | AR12: 0.79652778 | AS12: 0.80694444
A13: KENILWORTH | B13: -33.995273860055164, 18.472962741199133 | E13: 0.23541667 | F13: 0.24583333 | G13: 0.25625 | H13: 0.26666667 | I13: 0.27708333 | J13: 0.29791667 | K13: 0.30833333 | L13: 0.31875 | M13: 0.32916667 | N13: 0.33958333 | O13: 0.35347222 | P13: 0.37083333 | Q13: 0.39166667 | R13: 0.40555556 | S13: 0.43333333 | T13: 0.44722222 | U13: 0.475 | V13: 0.48888889 | W13: 0.51666667 | X13: 0.53055556 | Y13: 0.55833333 | Z13: 0.57222222 | AA13: 0.6 | AB13: 0.61388889 | AC13: 0.64166667 | AD13: 0.65208333 | AE13: 0.6625 | AF13: 0.67291667 | AG13: 0.68333333 | AH13: 0.69375 | AI13: 0.70416667 | AJ13: 0.71458333 | AK13: 0.725 | AL13: 0.73541667 | AM13: 0.74583333 | AN13: 0.75625 | AO13: 0.76666667 | AP13: 0.77708333 | AQ13: 0.7875 | AR13: 0.79791667 | AS13: 0.80833333
A14: WYNBERG | B14: -34.00491103995819, 18.471179319350288 | E14: 0.23680556 | F14: 0.24722222 | G14: 0.25763889 | H14: 0.26805556 | I14: 0.27847222 | J14: 0.29930556 | K14: 0.30972222 | L14: 0.32013889 | M14: 0.33055556 | N14: 0.34097222 | O14: 0.35486111 | P14: 0.37222222 | Q14: 0.39305556 | R14: 0.40694444 | S14: 0.43472222 | T14: 0.44861111 | U14: 0.47638889 | V14: 0.49027778 | W14: 0.51805556 | X14: 0.53194444 | Y14: 0.55972222 | Z14: 0.57361111 | AA14: 0.60138889 | AB14: 0.61527778 | AC14: 0.64305556 | AD14: 0.65347222 | AE14: 0.66388889 | AF14: 0.67430556 | AG14: 0.68472222 | AH14: 0.69513889 | AI14: 0.70555556 | AJ14: 0.71597222 | AK14: 0.72638889 | AL14: 0.73680556 | AM14: 0.74722222 | AN14: 0.75763889 | AO14: 0.76805556 | AP14: 0.77847222 | AQ14: 0.78888889 | AR14: 0.79930556 | AS14: 0.80972222
... A19: HEATHFIELD | B19: -34.04591101137236, 18.465287145466693 | E19: 0.24375 | F19: 0.25416667 | G19: 0.26458333 | H19: 0.275 | I19: 0.28541667 | J19: 0.30625 | K19: 0.31666667 | L19: 0.32708333 | M19: 0.3375 | N19: 0.34791667 | O19: 0.36180556 | P19: 0.37916667 | Q19: 0.4 | R19: 0.41388889 | S19: 0.44166667 | T19: 0.45555556 | U19: 0.48333333 | V19: 0.49722222 | W19: 0.525 | X19: 0.53888889 | Y19: 0.56666667 | Z19: 0.58055556 | AA19: 0.60833333 | AB19: 0.62222222 | AC19: 0.65 | AD19: 0.66041667 | AE19: 0.67083333 | AF19: 0.68125 | AG19: 0.69166667 | AH19: 0.70208333 | AI19: 0.7125 | AJ19: 0.72291667 | AK19: 0.73333333 | AL19: 0.74375 | AM19: 0.75416667 | AN19: 0.76458333 | AO19: 0.775 | AP19: 0.78541667 | AQ19: 0.79583333 | AR19: 0.80625 | AS19: 0.81666667
A20: RETREAT | B20: -34.059909390271656, 18.463013113620647 | C20: 0.22569444 | D20: 0.23541667 | E20: 0.24513889 | F20: 0.25555556 | G20: 0.26597222 | H20: 0.27638889 | I20: 0.28680556 | J20: 0.30763889 | K20: 0.31805556 | L20: 0.32847222 | M20: 0.33888889 | N20: 0.34930556 | O20: 0.36319444 | P20: 0.38055556 | Q20: 0.40138889 | R20: 0.41527778 | S20: 0.44305556 | T20: 0.45694444 | U20: 0.48472222 | V20: 0.49861111 | W20: 0.52638889 | X20: 0.54027778 | Y20: 0.56805556 | Z20: 0.58194444 | AA20: 0.60972222 | AB20: 0.62361111 | AC20: 0.65138889 | AD20: 0.66180556 | AE20: 0.67222222 | AF20: 0.68263889 | AG20: 0.69305556 | AH20: 0.70347222 | AI20: 0.71388889 | AJ20: 0.72430556 | AK20: 0.73472222 | AL20: 0.74513889 | AM20: 0.75555556 | AN20: 0.76597222 | AO20: 0.77638889 | AP20: 0.78680556 | AQ20: 0.79722222 | AR20: 0.80763889 | AS20: 0.81805556
A21: STEENBERG | B21: -34.07661752056444, 18.46365235554926 | C21: 0.22777778 | D21: 0.2375 | F21: 0.25833333 | G21: 0.26875 | H21: 0.27916667 | I21: 0.28958333 | J21: 0.31041667 | K21: 0.32083333 | M21: 0.34166667 | N21: 0.35208333 | O21: 0.36597222 | P21: 0.38333333 | Q21: 0.40416667 | R21: 0.41805556 | S21: 0.44583333 | T21: 0.45972222 | U21: 0.4875 | V21: 0.50138889 | W21: 0.52916667 | X21: 0.54305556 | Y21: 0.57083333 | Z21: 0.58472222 | AA21: 0.6125 | AB21: 0.62638889 | AC21: 0.65416667 | AD21: 0.66458333 | AE21: 0.675 | AF21: 0.68541667 | AG21: 0.69583333 | AH21: 0.70625 | AI21: 0.71666667 | AJ21: 0.72708333 | AK21: 0.7375 | AL21: 0.74791667 | AM21: 0.75833333 | AN21: 0.76875 | AO21: 0.77916667 | AP21: 0.78958333 | AQ21: 0.8 | AR21: 0.81041667 | AS21: 0.82083333
A22: LAKESIDE | B22: -34.088438485802136, 18.46247303625622 | C22: 0.22916667 | D22: 0.23888889 | F22: 0.25972222 | G22: 0.27013889 | H22: 0.28055556 | I22: 0.29097222 | J22: 0.31180556 | K22: 0.32222222 | M22: 0.34305556 | N22: 0.35347222 | O22: 0.36736111 | P22: 0.38472222 | Q22: 0.40555556 | R22: 0.41944444 | S22: 0.44722222 | T22: 0.46111111 | U22: 0.48888889 | V22: 0.50277778 | W22: 0.53055556 | X22: 0.54444444 | Y22: 0.57222222 | Z22: 0.58611111 | AA22: 0.61388889 | AB22: 0.62777778 | AC22: 0.65555556 | AD22: 0.66597222 | AE22: 0.67638889 | AF22: 0.68680556 | AG22: 0.69722222 | AH22: 0.70763889 | AI22: 0.71805556 | AJ22: 0.72847222 | AK22: 0.73888889 | AL22: 0.74930556 | AM22: 0.75972222 | AN22: 0.77013889 | AO22: 0.78055556 | AP22: 0.79097222 | AQ22: 0.80138889 | AR22: 0.81180556 | AS22: 0.82222222
A23: FALSE BAY | B23: -34.10248327888581, 18.468681718650828 | C23: 0.23125 | D23: 0.24097222 | F23: 0.26180556 | G23: 0.27222222 | H23: 0.28263889 | I23: 0.29305556 | J23: 0.31388889 | K23: 0.32430556 | M23: 0.34513889 | N23: 0.35555556 | O23: 0.36944444 | P23: 0.38680556 | Q23: 0.40763889 | R23: 0.42152778 | S23: 0.44930556 | T23: 0.46319444 | U23: 0.49097222 | V23: 0.50486111 | W23: 0.53263889 | X23: 0.54652778 | Y23: 0.57430556 | Z23: 0.58819444 | AA23: 0.61597222 | AB23: 0.62986111 | AC23: 0.65763889 | AD23: 0.66805556 | AE23: 0.67847222 | AF23: 0.68888889 | AG23: 0.69930556 | AH23: 0.70972222 | AI23: 0.72013889 | AJ23: 0.73055556 | AK23: 0.74097222 | AL23: 0.75138889 | AM23: 0.76180556 | AN23: 0.77222222 | AO23: 0.78263889 | AP23: 0.79305556 | AQ23: 0.80347222 | AR23: 0.81388889 | AS23: 0.82430556
A24: MUIZENBERG | B24: -34.109625875192556, 18.46795994312989 | C24: 0.23263889 | D24: 0.24236111 | F24: 0.26319444 | G24: 0.27361111 | H24: 0.28402778 | I24: 0.29444444 | J24: 0.31527778 | K24: 0.32569444 | M24: 0.34652778 | N24: 0.35694444 | O24: 0.37083333 | P24: 0.38819444 | Q24: 0.40902778 | R24: 0.42291667 | S24: 0.45069444 | T24: 0.46458333 | U24: 0.49236111 | V24: 0.50625 | W24: 0.53402778 | X24: 0.54791667 | Y24: 0.57569444 | Z24: 0.58958333 | AA24: 0.61736111 | AB24: 0.63125 | AC24: 0.65902778 | AD24: 0.66944444 | AE24: 0.67986111 | AF24: 0.69027778 | AG24: 0.70069444 | AH24: 0.71111111 | AI24: 0.72152778 | AJ24: 0.73194444 | AK24: 0.74236111 | AL24: 0.75277778 | AM24: 0.76319444 | AN24: 0.77361111 | AO24: 0.78402778 | AP24: 0.79444444 | AQ24: 0.80486111 | AR24: 0.81527778 | AS24: 0.82569444
A25: ST JAMES | B25: -34.11912861624361, 18.458322695803325 | C25: 0.23472222 | D25: 0.24444444 | F25: 0.26527778 | G25: 0.27569444 | H25: 0.28611111 | I25: 0.29652778 | J25: 0.31736111 | K25: 0.32777778 | M25: 0.34861111 | N25: 0.35902778 | O25: 0.37291667 | P25: 0.39027778 | Q25: 0.41111111 | R25: 0.425 | S25: 0.45277778 | T25: 0.46666667 | U25: 0.49444444 | V25: 0.50833333 | W25: 0.53611111 | X25: 0.55 | Y25: 0.57777778 | Z25: 0.59166667 | AA25: 0.61944444 | AB25: 0.63333333 | AC25: 0.66111111 | AD25: 0.67152778 | AE25: 0.68194444 | AF25: 0.69236111 | AG25: 0.70277778 | AH25: 0.71319444 | AI25: 0.72361111 | AJ25: 0.73402778 | AK25: 0.74444444 | AL25: 0.75486111 | AM25: 0.76527778 | AN25: 0.77569444 | AO25: 0.78611111 | AP25: 0.79652778 | AQ25: 0.80694444 | AR25: 0.81736111 | AS25: 0.82777778
A26: KALK BAY | B26: -34.12616436238219, 18.44995365667087 | C26: 0.23611111 | D26: 0.24583333 | F26: 0.26666667 | G26: 0.27708333 | H26: 0.2875 | I26: 0.29791667 | J26: 0.31875 | K26: 0.32916667 | M26: 0.35 | N26: 0.36041667 | O26: 0.37430556 | P26: 0.39166667 | Q26: 0.4125 | R26: 0.42638889 | S26: 0.45416667 | T26: 0.46805556 | U26: 0.49583333 | V26: 0.50972222 | W26: 0.5375 | X26: 0.55138889 | Y26: 0.57916667 | Z26: 0.59305556 | AA26: 0.62083333 | AB26: 0.63472222 | AC26: 0.6625 | AD26: 0.67291667 | AE26: 0.68333333 | AF26: 0.69375 | AG26: 0.70416667 | AH26: 0.71458333 | AI26: 0.725 | AJ26: 0.73541667 | AK26: 0.74583333 | AL26: 0.75625 | AM26: 0.76666667 | AN26: 0.77708333 | AO26: 0.7875 | AP26: 0.79791667 | AQ26: 0.80833333 | AR26: 0.81875 | AS26: 0.82916667
A27: FISH HOEK | B27: -34.13718666701449, 18.43231551625473 | C27: 0.23888889 | D27: 0.25208333 | F27: 0.27291667 | G27: 0.28333333 | H27: 0.29375 | I27: 0.30416667 | J27: 0.325 | K27: 0.33541667 | M27: 0.35625 | N27: 0.36666667 | O27: 0.38055556 | P27: 0.39791667 | Q27: 0.41875 | R27: 0.43263889 | S27: 0.46041667 | T27: 0.47430556 | U27: 0.50208333 | V27: 0.51597222 | W27: 0.54375 | X27: 0.55763889 | Y27: 0.58541667 | Z27: 0.59930556 | AA27: 0.62708333 | AB27: 0.64097222 | AC27: 0.66875 | AD27: 0.67916667 | AE27: 0.68958333 | AF27: 0.7 | AG27: 0.71041667 | AH27: 0.72083333 | AI27: 0.73125 | AJ27: 0.74166667 | AK27: 0.75208333 | AL27: 0.7625 | AM27: 0.77291667 | AN27: 0.78333333 | AO27: 0.79375 | AP27: 0.80416667 | AQ27: 0.81458333 | AR27: 0.825 | AS27: 0.83541667
A28: SUNNY COVE | B28: -34.144478065934095, 18.437248458279786 | C28: 0.24236111 | G28: 0.28680556 | J28: 0.32847222 | N28: 0.37013889 | Q28: 0.42222222 | S28: 0.46388889 | U28: 0.50555556 | W28: 0.54722222 | Y28: 0.58888889 | AA28: 0.63055556 | AC28: 0.67222222 | AG28: 0.71388889 | AL28: 0.76597222 | AP28: 0.80763889
A29: GLENCAIRN | B29: -34.16389898121592, 18.432040103477185 | C29: 0.24861111 | G29: 0.29305556 | J29: 0.33472222 | N29: 0.37638889 | Q29: 0.42847222 | S29: 0.47013889 | U29: 0.51180556 | W29: 0.55347222 | Y29: 0.59513889 | AA29: 0.63680556 | AC29: 0.67847222 | AG29: 0.72013889 | AL29: 0.77222222 | AP29: 0.81388889
A30: SIMON'S TOWN | B30: -34.186868345433396, 18.425371636416305 | C30: 0.25625 | G30: 0.30069444 | J30: 0.34236111 | N30: 0.38402778 | Q30: 0.43611111 | S30: 0.47777778 | U30: 0.51944444 | W30: 0.56111111 | Y30: 0.60277778 | AA30: 0.64444444 | AC30: 0.68611111 | AG30: 0.72777778 | AL30: 0.77986111 | AP30: 0.82152778

Sheet SIMON-to-CT_Weekday
A1: Last Updated: | B1: ='CT-to-SIMON_Weekday'!B1 -> 46055 | C1: Z1
A2: STATION | B2: COORDINATES | C2: 0100 | D2: 0102 | E2: 0104 | F2: 0106 | G2: 0108 | H2: 0110 | I2: 0112 | J2: 0114 | K2: 0116 | L2: 0118 | M2: 0120 | N2: 0122 | O2: 0124 | P2: 0126 | Q2: 0128 | R2: 0130 | S2: 0132 | T2: 0134 | U2: 0136 | V2: 0138 | W2: 0140 | X2: 0142 | Y2: 0144 | Z2: 0146 | AA2: 0148 | AB2: 0150 | AC2: 0152 | AD2: 0154 | AE2: 0156 | AF2: 0158 | AG2: 0160 | AH2: 0162 | AI2: 0164 | AJ2: 0166 | AK2: 0168 | AL2: 0170 | AM2: 0172 | AN2: 0174 | AO2: 0176 | AP2: 0178 | AQ2: 0180 | AR2: 0182
A3: SIMON'S TOWN | B3: -34.186868345433396, 18.425371636416305 | C3: 0.18402778 | G3: 0.22569444 | J3: 0.26736111 | N3: 0.30902778 | Q3: 0.35069444 | U3: 0.40277778 | W3: 0.44444444 | Y3: 0.48611111 | AA3: 0.52777778 | AC3: 0.56944444 | AE3: 0.61111111 | AG3: 0.65277778 | AJ3: 0.69444444 | AO3: 0.74652778 | AR3: 0.78819444
A4: GLENCAIRN | B4: -34.16389898121592, 18.432040103477185 | C4: 0.18819444 | G4: 0.22986111 | J4: 0.27152778 | N4: 0.31319444 | Q4: 0.35486111 | U4: 0.40694444 | W4: 0.44861111 | Y4: 0.49027778 | AA4: 0.53194444 | AC4: 0.57361111 | AE4: 0.61527778 | AG4: 0.65694444 | AJ4: 0.69861111 | AO4: 0.75069444 | AR4: 0.79236111
A5: SUNNY COVE | B5: -34.144478065934095, 18.437248458279786 | C5: 0.19444444 | G5: 0.23611111 | J5: 0.27777778 | N5: 0.31944444 | Q5: 0.36111111 | U5: 0.41319444 | W5: 0.45486111 | Y5: 0.49652778 | AA5: 0.53819444 | AC5: 0.57986111 | AE5: 0.62152778 | AG5: 0.66319444 | AJ5: 0.70486111 | AO5: 0.75694444 | AR5: 0.79861111
A6: FISH HOEK | B6: -34.13718666701449, 18.43231551625473 | C6: 0.19791667 | D6: 0.20833333 | F6: 0.22916667 | G6: 0.23958333 | I6: 0.26041667 | J6: 0.28125 | K6: 0.29166667 | L6: 0.30208333 | M6: 0.3125 | N6: 0.32291667 | P6: 0.34375 | Q6: 0.36458333 | R6: 0.375 | T6: 0.39583333 | U6: 0.41666667 | V6: 0.44097222 | W6: 0.45833333 | X6: 0.48263889 | Y6: 0.5 | Z6: 0.52430556 | AA6: 0.54166667 | AB6: 0.56597222 | AC6: 0.58333333 | AD6: 0.60763889 | AE6: 0.625 | AF6: 0.64930556 | AG6: 0.66666667 | AH6: 0.6875 | AI6: 0.69791667 | AJ6: 0.70833333 | AK6: 0.71875 | AL6: 0.72916667 | AM6: 0.73958333 | AN6: 0.75 | AO6: 0.76041667 | AP6: 0.77083333 | AQ6: 0.78125 | AR6: 0.80208333
A7: KALK BAY | B7: -34.12616436238219, 18.44995365667087 | C7: 0.20069444 | D7: 0.21111111 | F7: 0.23194444 | G7: 0.24236111 | I7: 0.26319444 | J7: 0.28402778 | K7: 0.29444444 | L7: 0.30486111 | M7: 0.31527778 | N7: 0.32569444 | P7: 0.34652778 | Q7: 0.36736111 | R7: 0.37777778 | T7: 0.39861111 | U7: 0.41944444 | V7: 0.44375 | W7: 0.46111111 | X7: 0.48541667 | Y7: 0.50277778 | Z7: 0.52708333 | AA7: 0.54444444 | AB7: 0.56875 | AC7: 0.58611111 | AD7: 0.61041667 | AE7: 0.62777778 | AF7: 0.65208333 | AG7: 0.66944444 | AH7: 0.69027778 | AI7: 0.70069444 | AJ7: 0.71111111 | AK7: 0.72152778 | AL7: 0.73194444 | AM7: 0.74236111 | AN7: 0.75277778 | AO7: 0.76319444 | AP7: 0.77361111 | AQ7: 0.78402778 | AR7: 0.80486111
A8: ST JAMES | B8: -34.11912861624361, 18.458322695803325 | C8: 0.20208333 | D8: 0.2125 | F8: 0.23333333 | G8: 0.24375 | I8: 0.26458333 | J8: 0.28541667 | K8: 0.29583333 | L8: 0.30625 | M8: 0.31666667 | N8: 0.32708333 | P8: 0.34791667 | Q8: 0.36875 | R8: 0.37916667 | T8: 0.4 | U8: 0.42083333 | V8: 0.44513889 | W8: 0.4625 | X8: 0.48680556 | Y8: 0.50416667 | Z8: 0.52847222 | AA8: 0.54583333 | AB8: 0.57013889 | AC8: 0.5875 | AD8: 0.61180556 | AE8: 0.62916667 | AF8: 0.65347222 | AG8: 0.67083333 | AH8: 0.69166667 | AI8: 0.70208333 | AJ8: 0.7125 | AK8: 0.72291667 | AL8: 0.73333333 | AM8: 0.74375 | AN8: 0.75416667 | AO8: 0.76458333 | AP8: 0.775 | AQ8: 0.78541667 | AR8: 0.80625
A9: MUIZENBERG | B9: -34.109625875192556, 18.46795994312989 | C9: 0.20416667 | D9: 0.21458333 | F9: 0.23541667 | G9: 0.24583333 | I9: 0.26666667 | J9: 0.2875 | K9: 0.29791667 | L9: 0.30833333 | M9: 0.31875 | N9: 0.32916667 | P9: 0.35 | Q9: 0.37083333 | R9: 0.38125 | T9: 0.40208333 | U9: 0.42291667 | V9: 0.44722222 | W9: 0.46458333 | X9: 0.48888889 | Y9: 0.50625 | Z9: 0.53055556 | AA9: 0.54791667 | AB9: 0.57222222 | AC9: 0.58958333 | AD9: 0.61388889 | AE9: 0.63125 | AF9: 0.65555556 | AG9: 0.67291667 | AH9: 0.69375 | AI9: 0.70416667 | AJ9: 0.71458333 | AK9: 0.725 | AL9: 0.73541667 | AM9: 0.74583333 | AN9: 0.75625 | AO9: 0.76666667 | AP9: 0.77708333 | AQ9: 0.7875 | AR9: 0.80833333
A10: FALSE BAY | B10: -34.10248327888581, 18.468681718650828 | C10: 0.20555556 | D10: 0.21597222 | F10: 0.23680556 | G10: 0.24722222 | I10: 0.26805556 | J10: 0.28888889 | K10: 0.29930556 | L10: 0.30972222 | M10: 0.32013889 | N10: 0.33055556 | P10: 0.35138889 | Q10: 0.37222222 | R10: 0.38263889 | T10: 0.40347222 | U10: 0.42430556 | V10: 0.44861111 | W10: 0.46597222 | X10: 0.49027778 | Y10: 0.50763889 | Z10: 0.53194444 | AA10: 0.54930556 | AB10: 0.57361111 | AC10: 0.59097222 | AD10: 0.61527778 | AE10: 0.63263889 | AF10: 0.65694444 | AG10: 0.67430556 | AH10: 0.69513889 | AI10: 0.70555556 | AJ10: 0.71597222 | AK10: 0.72638889 | AL10: 0.73680556 | AM10: 0.74722222 | AN10: 0.75763889 | AO10: 0.76805556 | AP10: 0.77847222 | AQ10: 0.78888889 | AR10: 0.80972222
A11: LAKESIDE | B11: -34.088438485802136, 18.46247303625622 | C11: 0.20694444 | D11: 0.21736111 | F11: 0.23819444 | G11: 0.24861111 | I11: 0.26944444 | J11: 0.29027778 | K11: 0.30069444 | L11: 0.31111111 | M11: 0.32152778 | N11: 0.33194444 | P11: 0.35277778 | Q11: 0.37361111 | R11: 0.38402778 | T11: 0.40486111 | U11: 0.42569444 | V11: 0.45 | W11: 0.46736111 | X11: 0.49166667 | Y11: 0.50902778 | Z11: 0.53333333 | AA11: 0.55069444 | AB11: 0.575 | AC11: 0.59236111 | AD11: 0.61666667 | AE11: 0.63402778 | AF11: 0.65833333 | AG11: 0.67569444 | AH11: 0.69652778 | AI11: 0.70694444 | AJ11: 0.71736111 | AK11: 0.72777778 | AL11: 0.73819444 | AM11: 0.74861111 | AN11: 0.75902778 | AO11: 0.76944444 | AP11: 0.77986111 | AQ11: 0.79027778 | AR11: 0.81111111
A12: STEENBERG | B12: -34.07661752056444, 18.46365235554926 | C12: 0.20833333 | D12: 0.21875 | F12: 0.23958333 | G12: 0.25 | I12: 0.27083333 | J12: 0.29166667 | K12: 0.30208333 | L12: 0.3125 | M12: 0.32291667 | N12: 0.33333333 | P12: 0.35416667 | Q12: 0.375 | R12: 0.38541667 | T12: 0.40625 | U12: 0.42708333 | V12: 0.45138889 | W12: 0.46875 | X12: 0.49305556 | Y12: 0.51041667 | Z12: 0.53472222 | AA12: 0.55208333 | AB12: 0.57638889 | AC12: 0.59375 | AD12: 0.61805556 | AE12: 0.63541667 | AF12: 0.65972222 | AG12: 0.67708333 | AH12: 0.69791667 | AI12: 0.70833333 | AJ12: 0.71875 | AK12: 0.72916667 | AL12: 0.73958333 | AM12: 0.75 | AN12: 0.76041667 | AO12: 0.77083333 | AP12: 0.78125 | AQ12: 0.79166667 | AR12: 0.8125
A13: RETREAT | B13: -34.059909390271656, 18.463013113620647 | C13: 0.21041667 | D13: 0.22083333 | E13: 0.22916667 | F13: 0.24166667 | G13: 0.25208333 | H13: 0.2625 | I13: 0.27291667 | J13: 0.29375 | K13: 0.30416667 | L13: 0.31458333 | M13: 0.325 | N13: 0.33541667 | O13: 0.34583333 | P13: 0.35625 | Q13: 0.37708333 | R13: 0.3875 | S13: 0.39791667 | T13: 0.40833333 | U13: 0.42916667 | V13: 0.45347222 | W13: 0.47083333 | X13: 0.49513889 | Y13: 0.5125 | Z13: 0.53680556 | AA13: 0.55416667 | AB13: 0.57847222 | AC13: 0.59583333 | AD13: 0.62013889 | AE13: 0.6375 | AF13: 0.66180556 | AG13: 0.67916667 | AH13: 0.7 | AI13: 0.71041667 | AJ13: 0.72083333 | AK13: 0.73125 | AL13: 0.74166667 | AM13: 0.75208333 | AN13: 0.7625 | AO13: 0.77291667 | AP13: 0.78333333 | AQ13: 0.79375 | AR13: 0.81458333
A14: HEATHFIELD | B14: -34.04591101137236, 18.465287145466693 | C14: 0.2125 | D14: 0.22291667 | E14: 0.23125 | F14: 0.24375 | G14: 0.25416667 | H14: 0.26458333 | I14: 0.275 | J14: 0.29583333 | K14: 0.30625 | L14: 0.31666667 | M14: 0.32708333 | N14: 0.3375 | O14: 0.34791667 | P14: 0.35833333 | Q14: 0.37916667 | R14: 0.38958333 | S14: 0.4 | T14: 0.41041667 | U14: 0.43125 | V14: 0.45555556 | W14: 0.47291667 | X14: 0.49722222 | Y14: 0.51458333 | Z14: 0.53888889 | AA14: 0.55625 | AB14: 0.58055556 | AC14: 0.59791667 | AD14: 0.62222222 | AE14: 0.63958333 | AF14: 0.66388889 | AG14: 0.68125 | AH14: 0.70208333 | AI14: 0.7125 | AJ14: 0.72291667 | AK14: 0.73333333 | AL14: 0.74375 | AM14: 0.75416667 | AN14: 0.76458333 | AO14: 0.775 | AP14: 0.78541667 | AQ14: 0.79583333 | AR14: 0.81666667
A15: DIEPRIVIER | B15: -34.035257794113555, 18.467167090822233 | C15: 0.21458333 | D15: 0.225 | E15: 0.23333333 | F15: 0.24583333 | G15: 0.25625 | H15: 0.26666667 | I15: 0.27708333 | J15: 0.29791667 | K15: 0.30833333 | L15: 0.31875 | M15: 0.32916667 | N15: 0.33958333 | O15: 0.35 | P15: 0.36041667 | Q15: 0.38125 | R15: 0.39166667 | S15: 0.40208333 | T15: 0.4125 | U15: 0.43333333 | V15: 0.45763889 | W15: 0.475 | X15: 0.49930556 | Y15: 0.51666667 | Z15: 0.54097222 | AA15: 0.55833333 | AB15: 0.58263889 | AC15: 0.6 | AD15: 0.62430556 | AE15: 0.64166667 | AF15: 0.66597222 | AG15: 0.68333333 | AH15: 0.70416667 | AI15: 0.71458333 | AJ15: 0.725 | AK15: 0.73541667 | AL15: 0.74583333 | AM15: 0.75625 | AN15: 0.76666667 | AO15: 0.77708333 | AP15: 0.7875 | AQ15: 0.79791667 | AR15: 0.81875
A16: STEURHOF | B16: -34.029355189733344, 18.46885236730811 | C16: 0.21666667 | D16: 0.22708333 | E16: 0.23541667 | F16: 0.24791667 | G16: 0.25833333 | H16: 0.26875 | I16: 0.27916667 | J16: 0.3 | K16: 0.31041667 | L16: 0.32083333 | M16: 0.33125 | N16: 0.34166667 | O16: 0.35208333 | P16: 0.3625 | Q16: 0.38333333 | R16: 0.39375 | S16: 0.40763889 | T16: 0.41458333 | U16: 0.43541667 | V16: 0.45972222 | W16: 0.47708333 | X16: 0.50138889 | Y16: 0.51875 | Z16: 0.54305556 | AA16: 0.56041667 | AB16: 0.58472222 | AC16: 0.60208333 | AD16: 0.62638889 | AE16: 0.64375 | AF16: 0.66805556 | AG16: 0.68541667 | AH16: 0.70625 | AI16: 0.71666667 | AJ16: 0.72708333 | AK16: 0.7375 | AL16: 0.74791667 | AM16: 0.75833333 | AN16: 0.76875 | AO16: 0.77916667 | AP16: 0.78958333 | AQ16: 0.8 | AR16: 0.82083333
A17: PLUMSTEAD | B17: -34.021945461889565, 18.46957290194393 | C17: 0.21805556 | D17: 0.22847222 | E17: 0.23680556 | F17: 0.24930556 | G17: 0.25972222 | H17: 0.27013889 | I17: 0.28055556 | J17: 0.30138889 | K17: 0.31180556 | L17: 0.32222222 | M17: 0.33263889 | N17: 0.34305556 | O17: 0.35347222 | P17: 0.36388889 | Q17: 0.38472222 | R17: 0.39513889 | S17: 0.40555556 | T17: 0.41597222 | U17: 0.43680556 | V17: 0.46111111 | W17: 0.47847222 | X17: 0.50277778 | Y17: 0.52013889 | Z17: 0.54444444 | AA17: 0.56180556 | AB17: 0.58611111 | AC17: 0.60347222 | AD17: 0.62777778 | AE17: 0.64513889 | AF17: 0.66944444 | AG17: 0.68680556 | AH17: 0.70763889 | AI17: 0.71805556 | AJ17: 0.72847222 | AK17: 0.73888889 | AL17: 0.74930556 | AM17: 0.75972222 | AN17: 0.77013889 | AO17: 0.78055556 | AP17: 0.79097222 | AQ17: 0.80138889 | AR17: 0.82222222
A18: WITTEBOME | B18: -34.014407724869756, 18.470837241167313 | C18: 0.21944444 | D18: 0.22986111 | E18: 0.23819444 | F18: 0.25069444 | G18: 0.26111111 | H18: 0.27152778 | I18: 0.28194444 | J18: 0.30277778 | K18: 0.31319444 | L18: 0.32361111 | M18: 0.33402778 | N18: 0.34444444 | O18: 0.35486111 | P18: 0.36527778 | Q18: 0.38611111 | R18: 0.39652778 | S18: 0.40694444 | T18: 0.41736111 | U18: 0.43819444 | V18: 0.4625 | W18: 0.47986111 | X18: 0.50416667 | Y18: 0.52152778 | Z18: 0.54583333 | AA18: 0.56319444 | AB18: 0.5875 | AC18: 0.60486111 | AD18: 0.62916667 | AE18: 0.64652778 | AF18: 0.67083333 | AG18: 0.68819444 | AH18: 0.70902778 | AI18: 0.71944444 | AJ18: 0.72986111 | AK18: 0.74027778 | AL18: 0.75069444 | AM18: 0.76111111 | AN18: 0.77152778 | AO18: 0.78194444 | AP18: 0.79236111 | AQ18: 0.80277778 | AR18: 0.82361111
A19: WYNBERG | B19: -34.00491103995819, 18.471179319350288 | C19: 0.22083333 | D19: 0.23125 | E19: 0.23958333 | F19: 0.25208333 | G19: 0.2625 | H19: 0.27291667 | I19: 0.28333333 | J19: 0.30416667 | K19: 0.31458333 | L19: 0.325 | M19: 0.33541667 | N19: 0.34583333 | O19: 0.35625 | P19: 0.36666667 | Q19: 0.3875 | R19: 0.39791667 | S19: 0.40833333 | T19: 0.41875 | U19: 0.43958333 | V19: 0.46388889 | W19: 0.48125 | X19: 0.50555556 | Y19: 0.52291667 | Z19: 0.54722222 | AA19: 0.56458333 | AB19: 0.58888889 | AC19: 0.60625 | AD19: 0.63055556 | AE19: 0.64791667 | AF19: 0.67222222 | AG19: 0.68958333 | AH19: 0.71041667 | AI19: 0.72083333 | AJ19: 0.73125 | AK19: 0.74166667 | AL19: 0.75208333 | AM19: 0.7625 | AN19: 0.77291667 | AO19: 0.78333333 | AP19: 0.79375 | AQ19: 0.80416667 | AR19: 0.825
A20: KENILWORTH | B20: -33.995273860055164, 18.472962741199133 | C20: 0.22222222 | D20: 0.23263889 | E20: 0.24097222 | F20: 0.25347222 | G20: 0.26388889 | H20: 0.27430556 | I20: 0.28472222 | J20: 0.30555556 | K20: 0.31597222 | L20: 0.32638889 | M20: 0.33680556 | N20: 0.34722222 | O20: 0.35763889 | P20: 0.36805556 | Q20: 0.38888889 | R20: 0.39930556 | S20: 0.40972222 | T20: 0.42013889 | U20: 0.44097222 | V20: 0.46527778 | W20: 0.48263889 | X20: 0.50694444 | Y20: 0.52430556 | Z20: 0.54861111 | AA20: 0.56597222 | AB20: 0.59027778 | AC20: 0.60763889 | AD20: 0.63194444 | AE20: 0.64930556 | AF20: 0.67361111 | AG20: 0.69097222 | AH20: 0.71180556 | AI20: 0.72222222 | AJ20: 0.73263889 | AK20: 0.74305556 | AL20: 0.75347222 | AM20: 0.76388889 | AN20: 0.77430556 | AO20: 0.78472222 | AP20: 0.79513889 | AQ20: 0.80555556 | AR20: 0.82638889
A21: HARFIELD ROAD | B21: -33.98843037363466, 18.471305893701135 | C21: 0.22361111 | D21: 0.23402778 | E21: 0.24236111 | F21: 0.25486111 | G21: 0.26527778 | H21: 0.27569444 | I21: 0.28611111 | J21: 0.30694444 | K21: 0.31736111 | L21: 0.32777778 | M21: 0.33819444 | N21: 0.34861111 | O21: 0.35902778 | P21: 0.36944444 | Q21: 0.39027778 | R21: 0.40069444 | S21: 0.41111111 | T21: 0.42152778 | U21: 0.44236111 | V21: 0.46666667 | W21: 0.48402778 | X21: 0.50833333 | Y21: 0.52569444 | Z21: 0.55 | AA21: 0.56736111 | AB21: 0.59166667 | AC21: 0.60902778 | AD21: 0.63333333 | AE21: 0.65069444 | AF21: 0.675 | AG21: 0.69236111 | AH21: 0.71319444 | AI21: 0.72361111 | AJ21: 0.73402778 | AK21: 0.74444444 | AL21: 0.75486111 | AM21: 0.76527778 | AN21: 0.77569444 | AO21: 0.78611111 | AP21: 0.79652778 | AQ21: 0.80694444 | AR21: 0.82777778
A22: CLAREMONT | B22: -33.981692819823294, 18.467026035248768 | C22: 0.225 | D22: 0.23541667 | E22: 0.24375 | F22: 0.25625 | G22: 0.26666667 | H22: 0.27708333 | I22: 0.2875 | J22: 0.30833333 | K22: 0.31875 | L22: 0.32916667 | M22: 0.33958333 | N22: 0.35 | O22: 0.36041667 | P22: 0.37083333 | Q22: 0.39166667 | R22: 0.40208333 | S22: 0.4125 | T22: 0.42291667 | U22: 0.44375 | V22: 0.46805556 | W22: 0.48541667 | X22: 0.50972222 | Y22: 0.52708333 | Z22: 0.55138889 | AA22: 0.56875 | AB22: 0.59305556 | AC22: 0.61041667 | AD22: 0.63472222 | AE22: 0.65208333 | AF22: 0.67638889 | AG22: 0.69375 | AH22: 0.71458333 | AI22: 0.725 | AJ22: 0.73541667 | AK22: 0.74583333 | AL22: 0.75625 | AM22: 0.76666667 | AN22: 0.77708333 | AO22: 0.7875 | AP22: 0.79791667 | AQ22: 0.80833333 | AR22: 0.82916667
A23: NEWLANDS | B23: -33.974516172260806, 18.467522132826836 | C23: 0.22638889 | D23: 0.23680556 | E23: 0.24513889 | F23: 0.25763889 | G23: 0.26805556 | H23: 0.27847222 | I23: 0.28888889 | J23: 0.30972222 | K23: 0.32013889 | L23: 0.33055556 | M23: 0.34097222 | N23: 0.35138889 | O23: 0.36180556 | P23: 0.37222222 | Q23: 0.39305556 | R23: 0.40347222 | S23: 0.41388889 | T23: 0.42430556 | U23: 0.44513889 | V23: 0.46944444 | W23: 0.48680556 | X23: 0.51111111 | Y23: 0.52847222 | Z23: 0.55277778 | AA23: 0.57013889 | AB23: 0.59444444 | AC23: 0.61180556 | AD23: 0.63611111 | AE23: 0.65347222 | AF23: 0.67777778 | AG23: 0.69513889 | AH23: 0.71597222 | AI23: 0.72638889 | AJ23: 0.73680556 | AK23: 0.74722222 | AL23: 0.75763889 | AM23: 0.76805556 | AN23: 0.77847222 | AO23: 0.78888889 | AP23: 0.79930556 | AQ23: 0.80972222 | AR23: 0.83055556
A24: RONDEBOSCH | B24: -33.962154618762675, 18.472449011941002 | C24: 0.22777778 | D24: 0.23819444 | E24: 0.24652778 | F24: 0.25902778 | G24: 0.26944444 | H24: 0.27986111 | I24: 0.29027778 | J24: 0.31111111 | K24: 0.32152778 | L24: 0.33194444 | M24: 0.34236111 | N24: 0.35277778 | O24: 0.36319444 | P24: 0.37361111 | Q24: 0.39444444 | R24: 0.40486111 | S24: 0.41527778 | T24: 0.42569444 | U24: 0.44652778 | V24: 0.47083333 | W24: 0.48819444 | X24: 0.5125 | Y24: 0.52986111 | Z24: 0.55416667 | AA24: 0.57152778 | AB24: 0.59583333 | AC24: 0.61319444 | AD24: 0.6375 | AE24: 0.65486111 | AF24: 0.67916667 | AG24: 0.69652778 | AH24: 0.71736111 | AI24: 0.72777778 | AJ24: 0.73819444 | AK24: 0.74861111 | AL24: 0.75902778 | AM24: 0.76944444 | AN24: 0.77986111 | AO24: 0.79027778 | AP24: 0.80069444 | AQ24: 0.81111111 | AR24: 0.83194444
... A30: CAPE TOWN | B30: -33.92364274076298, 18.427186832421853 | C30: 0.24166667 | D30: 0.25208333 | E30: 0.26041667 | F30: 0.27291667 | G30: 0.28333333 | H30: 0.29375 | I30: 0.30416667 | J30: 0.325 | K30: 0.33541667 | L30: 0.34583333 | M30: 0.35625 | N30: 0.36666667 | O30: 0.37708333 | P30: 0.3875 | Q30: 0.40833333 | R30: 0.41875 | S30: 0.42916667 | T30: 0.43958333 | U30: 0.46041667 | V30: 0.48472222 | W30: 0.50208333 | X30: 0.52638889 | Y30: 0.54375 | Z30: 0.56805556 | AA30: 0.58541667 | AB30: 0.60972222 | AC30: 0.62708333 | AD30: 0.65138889 | AE30: 0.66875 | AF30: 0.69305556 | AG30: 0.71041667 | AH30: 0.73125 | AI30: 0.74166667 | AJ30: 0.75208333 | AK30: 0.7625 | AL30: 0.77291667 | AM30: 0.78333333 | AN30: 0.79375 | AO30: 0.80416667 | AP30: 0.81458333 | AQ30: 0.825 | AR30: 0.84583333

Sheet CT-to-SIMON_Sat
A1: Last Updated: | B1: 45961 | C1: Z1
A2: STATION | B2: COORDINATES | C2: 0201 | D2: 0101 | E2: 0103 | F2: 0203 | G2: 0105 | H2: 0205 | I2: 0107 | J2: 0109 | K2: 0207 | L2: 0111 | M2: 0209 | N2: 0113 | O2: 0211 | P2: 0115 | Q2: 0213 | R2: 0117 | S2: 0215 | T2: 0119 | U2: 0121 | V2: 0123 | W2: 0125 | X2: 0127
A3: CAPE TOWN | B3: -33.92364274076298, 18.427186832421853 | D3: 0.22916667 | E3: 0.25 | G3: 0.27777778 | I3: 0.30555556 | J3: 0.33333333 | L3: 0.375 | N3: 0.41666667 | P3: 0.45833333 | R3: 0.5 | T3: 0.5625 | U3: 0.59027778 | V3: 0.63541667 | W3: 0.66666667 | X3: 0.68402778
A4: WOODSTOCK | B4: -33.925091518292604, 18.44613476001006 | D4: 0.23090278 | E4: 0.25173611 | G4: 0.27951389 | I4: 0.30729167 | J4: 0.33506944 | L4: 0.37673611 | N4: 0.41840278 | P4: 0.46006944 | R4: 0.50173611 | T4: 0.56423611 | U4: 0.59201389 | V4: 0.63715278 | W4: 0.66840278 | X4: 0.68576389
A5: SALT RIVER | B5: -33.92754784267079, 18.464689103688738 | D5: 0.23645833 | E5: 0.25729167 | G5: 0.28506944 | I5: 0.31284722 | J5: 0.340625 | L5: 0.38229167 | N5: 0.42395833 | P5: 0.465625 | R5: 0.50729167 | T5: 0.56979167 | U5: 0.59756944 | V5: 0.64270833 | W5: 0.67395833 | X5: 0.69131944
A6: OBSERVATORY | B6: -33.938380813969594, 18.47150947571787 | D6: 0.23854167 | E6: 0.259375 | G6: 0.28715278 | I6: 0.31493056 | J6: 0.34270833 | L6: 0.384375 | N6: 0.42604167 | P6: 0.46770833 | R6: 0.509375 | T6: 0.571875 | U6: 0.59965278 | V6: 0.64479167 | W6: 0.67604167 | X6: 0.69340278
A7: MOWBRAY | B7: -33.946781155732666, 18.473923102107495 | D7: 0.23993056 | E7: 0.26076389 | G7: 0.28854167 | I7: 0.31631944 | J7: 0.34409722 | L7: 0.38576389 | N7: 0.42743056 | P7: 0.46909722 | R7: 0.51076389 | T7: 0.57326389 | U7: 0.60104167 | V7: 0.64618056 | W7: 0.67743056 | X7: 0.69479167
A8: ROSEBANK | B8: -33.95483322632044, 18.473123953446258 | D8: 0.24131944 | E8: 0.26215278 | G8: 0.28993056 | I8: 0.31770833 | J8: 0.34548611 | L8: 0.38715278 | N8: 0.42881944 | P8: 0.47048611 | R8: 0.51215278 | T8: 0.57465278 | U8: 0.60243056 | V8: 0.64756944 | W8: 0.67881944 | X8: 0.69618056
A9: RONDEBOSCH | B9: -33.962154618762675, 18.472449011941002 | D9: 0.24270833 | E9: 0.26354167 | G9: 0.29131944 | I9: 0.31909722 | J9: 0.346875 | L9: 0.38854167 | N9: 0.43020833 | P9: 0.471875 | R9: 0.51354167 | T9: 0.57604167 | U9: 0.60381944 | V9: 0.64895833 | W9: 0.68020833 | X9: 0.69756944
A10: NEWLANDS | B10: -33.974516172260806, 18.467522132826836 | D10: 0.24479167 | E10: 0.265625 | G10: 0.29340278 | I10: 0.32118056 | J10: 0.34895833 | L10: 0.390625 | N10: 0.43229167 | P10: 0.47395833 | R10: 0.515625 | T10: 0.578125 | U10: 0.60590278 | V10: 0.65104167 | W10: 0.68229167 | X10: 0.69965278
A11: CLAREMONT | B11: -33.981692819823294, 18.467026035248768 | D11: 0.24618056 | E11: 0.26701389 | G11: 0.29479167 | I11: 0.32256944 | J11: 0.35034722 | L11: 0.39201389 | N11: 0.43368056 | P11: 0.47534722 | R11: 0.51701389 | T11: 0.57951389 | U11: 0.60729167 | V11: 0.65243056 | W11: 0.68368056 | X11: 0.70104167
A12: HARFIELD ROAD | B12: -33.98843037363466, 18.471305893701135 | D12: 0.24756944 | E12: 0.26840278 | G12: 0.29618056 | I12: 0.32395833 | J12: 0.35173611 | L12: 0.39340278 | N12: 0.43506944 | P12: 0.47673611 | R12: 0.51840278 | T12: 0.58090278 | U12: 0.60868056 | V12: 0.65381944 | W12: 0.68506944 | X12: 0.70243056
A13: KENILWORTH | B13: -33.995273860055164, 18.472962741199133 | D13: 0.24895833 | E13: 0.26979167 | G13: 0.29756944 | I13: 0.32534722 | J13: 0.353125 | L13: 0.39479167 | N13: 0.43645833 | P13: 0.478125 | R13: 0.51979167 | T13: 0.58229167 | U13: 0.61006944 | V13: 0.65520833 | W13: 0.68645833 | X13: 0.70381944
A14: WYNBERG | B14: -34.00491103995819, 18.471179319350288 | D14: 0.25034722 | E14: 0.27118056 | G14: 0.29895833 | I14: 0.32673611 | J14: 0.35451389 | L14: 0.39618056 | N14: 0.43784722 | P14: 0.47951389 | R14: 0.52118056 | T14: 0.58368056 | U14: 0.61145833 | V14: 0.65659722 | W14: 0.68784722 | X14: 0.70520833
... A27: FISH HOEK | B27: -34.13718666701449, 18.43231551625473 | D27: 0.27291667 | E27: 0.29375 | G27: 0.32152778 | I27: 0.34930556 | J27: 0.37708333 | L27: 0.41875 | N27: 0.46041667 | P27: 0.50208333 | R27: 0.54375 | T27: 0.60625 | U27: 0.63402778 | V27: 0.67916667 | W27: 0.71041667 | X27: 0.72777778
A28: SUNNY COVE | B28: -34.144478065934095, 18.437248458279786 | C28: 0.24965278 | F28: 0.30520833 | H28: 0.346875 | K28: 0.38854167 | M28: 0.43020833 | O28: 0.471875 | Q28: 0.51354167 | S28: 0.55520833 | U28: 0.6375 | V28: 0.68263889
A29: GLENCAIRN | B29: -34.16389898121592, 18.432040103477185 | C29: 0.25590278 | F29: 0.31145833 | H29: 0.353125 | K29: 0.39479167 | M29: 0.43645833 | O29: 0.478125 | Q29: 0.51979167 | S29: 0.56145833 | U29: 0.64375 | V29: 0.68888889
A30: SIMON'S TOWN | B30: -34.186868345433396, 18.425371636416305 | C30: 0.26041667 | F30: 0.31597222 | H30: 0.35763889 | K30: 0.39930556 | M30: 0.44097222 | O30: 0.48263889 | Q30: 0.52430556 | S30: 0.56597222 | U30: 0.64826389 | V30: 0.69340278

Sheet SIMON-to-CT_Sat
A1: Last Updated: | B1: ='CT-to-SIMON_Sat'!B1 -> 45961 | C1: Z1
A2: STATION | B2: COORDINATES | C2: 0100 | D2: 0200 | E2: 0102 | F2: 0202 | G2: 0104 | H2: 0106 | I2: 0108 | J2: 0204 | K2: 0110 | L2: 0206 | M2: 0112 | N2: 0208 | O2: 0114 | P2: 0210 | Q2: 0116 | R2: 0212 | S2: 0214 | T2: 0118 | U2: 0122 | V2: 0120 | W2: 0124 | X2: 0126 | Y2: 0128 | Z2: 0130
A3: SIMON'S TOWN | B3: -34.186868345433396, 18.425371636416305 | D3: 0.22569444 | F3: 0.28125 | J3: 0.32291667 | L3: 0.36458333 | N3: 0.40625 | P3: 0.44791667 | R3: 0.48958333 | S3: 0.53125 | V3: 0.57291667 | X3: 0.65486111 | Y3: 0.70138889
A4: GLENCAIRN | B4: -34.16389898121592, 18.432040103477185 | D4: 0.22986111 | F4: 0.28541667 | J4: 0.32708333 | L4: 0.36875 | N4: 0.41041667 | P4: 0.45208333 | R4: 0.49375 | S4: 0.53541667 | V4: 0.57708333 | X4: 0.65902778 | Y4: 0.70555556
A5: SUNNY COVE | B5: -34.144478065934095, 18.437248458279786 | D5: 0.23611111 | F5: 0.29166667 | J5: 0.33333333 | L5: 0.375 | N5: 0.41666667 | P5: 0.45833333 | R5: 0.5 | S5: 0.54166667 | V5: 0.58333333 | X5: 0.66527778 | Y5: 0.71180556
A6: FISH HOEK | B6: -34.13718666701449, 18.43231551625473 | C6: 0.19791667 | D6: 0.23958333 | E6: 0.24652778 | F6: 0.29513889 | G6: 0.28125 | H6: 0.30208333 | I6: 0.32986111 | J6: 0.33680556 | K6: 0.35763889 | L6: 0.37847222 | M6: 0.38541667 | N6: 0.42013889 | O6: 0.42708333 | P6: 0.46180556 | Q6: 0.46875 | R6: 0.50347222 | S6: 0.54513889 | T6: 0.51041667 | U6: 0.5625 | V6: 0.58680556 | W6: 0.61458333 | X6: 0.66875 | Y6: 0.71527778 | Z6: 0.73611111
A7: KALK BAY | B7: -34.12616436238219, 18.44995365667087 | C7: 0.20034722 | E7: 0.24895833 | G7: 0.28368056 | H7: 0.30451389 | I7: 0.33229167 | K7: 0.36006944 | M7: 0.38784722 | O7: 0.42951389 | Q7: 0.47118056 | T7: 0.51284722 | U7: 0.56493056 | V7: 0.58958333 | W7: 0.61701389 | X7: 0.67152778 | Y7: 0.71805556 | Z7: 0.73854167
A8: ST JAMES | B8: -34.11912861624361, 18.458322695803325 | C8: 0.20173611 | E8: 0.25034722 | G8: 0.28506944 | H8: 0.30590278 | I8: 0.33368056 | K8: 0.36145833 | M8: 0.38923611 | O8: 0.43090278 | Q8: 0.47256944 | T8: 0.51423611 | U8: 0.56631944 | V8: 0.59097222 | W8: 0.61840278 | X8: 0.67291667 | Y8: 0.71944444 | Z8: 0.73993056
A9: MUIZENBERG | B9: -34.109625875192556, 18.46795994312989 | C9: 0.20381944 | E9: 0.25243056 | G9: 0.28715278 | H9: 0.30798611 | I9: 0.33576389 | K9: 0.36354167 | M9: 0.39131944 | O9: 0.43298611 | Q9: 0.47465278 | T9: 0.51631944 | U9: 0.56840278 | V9: 0.59305556 | W9: 0.62048611 | X9: 0.675 | Y9: 0.72152778 | Z9: 0.74201389
A10: FALSE BAY | B10: -34.10248327888581, 18.468681718650828 | C10: 0.20532407 | E10: 0.25393519 | G10: 0.28865741 | H10: 0.30949074 | I10: 0.33726852 | K10: 0.3650463 | M10: 0.39282407 | O10: 0.43449074 | Q10: 0.47615741 | T10: 0.51782407 | U10: 0.56990741 | V10: 0.59456019 | W10: 0.62199074 | X10: 0.67650463 | Y10: 0.72303241 | Z10: 0.74351852
A11: LAKESIDE | B11: -34.088438485802136, 18.46247303625622 | C11: 0.20659722 | E11: 0.25520833 | G11: 0.28993056 | H11: 0.31076389 | I11: 0.33854167 | K11: 0.36631944 | M11: 0.39409722 | O11: 0.43576389 | Q11: 0.47743056 | T11: 0.51909722 | U11: 0.57118056 | V11: 0.59583333 | W11: 0.62326389 | X11: 0.67777778 | Y11: 0.72430556 | Z11: 0.74479167
A12: STEENBERG | B12: -34.07661752056444, 18.46365235554926 | C12: 0.20798611 | E12: 0.25659722 | G12: 0.29131944 | H12: 0.31215278 | I12: 0.33993056 | K12: 0.36770833 | M12: 0.39548611 | O12: 0.43715278 | Q12: 0.47881944 | T12: 0.52048611 | U12: 0.57256944 | V12: 0.59722222 | W12: 0.62465278 | X12: 0.67916667 | Y12: 0.72569444 | Z12: 0.74618056
A13: RETREAT | B13: -34.059909390271656, 18.463013113620647 | C13: 0.21006944 | E13: 0.25868056 | G13: 0.29340278 | H13: 0.31423611 | I13: 0.34201389 | K13: 0.36979167 | M13: 0.39756944 | O13: 0.43923611 | Q13: 0.48090278 | T13: 0.52256944 | U13: 0.57465278 | V13: 0.59930556 | W13: 0.62673611 | X13: 0.68125 | Y13: 0.72777778 | Z13: 0.74826389
A14: HEATHFIELD | B14: -34.04591101137236, 18.465287145466693 | C14: 0.21215278 | E14: 0.26076389 | G14: 0.29548611 | H14: 0.31631944 | I14: 0.34409722 | K14: 0.371875 | M14: 0.39965278 | O14: 0.44131944 | Q14: 0.48298611 | T14: 0.52465278 | U14: 0.57673611 | V14: 0.60138889 | W14: 0.62881944 | X14: 0.68333333 | Y14: 0.72986111 | Z14: 0.75034722
A15: DIEPRIVIER | B15: -34.035257794113555, 18.467167090822233 | C15: 0.21423611 | E15: 0.26284722 | G15: 0.29756944 | H15: 0.31840278 | I15: 0.34618056 | K15: 0.37395833 | M15: 0.40173611 | O15: 0.44340278 | Q15: 0.48506944 | T15: 0.52673611 | U15: 0.57881944 | V15: 0.60347222 | W15: 0.63090278 | X15: 0.68541667 | Y15: 0.73194444 | Z15: 0.75243056
A16: STEURHOF | B16: -34.029355189733344, 18.46885236730811 | C16: 0.21631944 | E16: 0.26493056 | G16: 0.29965278 | H16: 0.32048611 | I16: 0.34826389 | K16: 0.37604167 | M16: 0.40381944 | O16: 0.44548611 | Q16: 0.48715278 | T16: 0.52881944 | U16: 0.58090278 | V16: 0.60555556 | W16: 0.63298611 | X16: 0.6875 | Y16: 0.73402778 | Z16: 0.75451389
A17: PLUMSTEAD | B17: -34.021945461889565, 18.46957290194393 | C17: 0.21770833 | E17: 0.26631944 | G17: 0.30104167 | H17: 0.321875 | I17: 0.34965278 | K17: 0.37743056 | M17: 0.40520833 | O17: 0.446875 | Q17: 0.48854167 | T17: 0.53020833 | U17: 0.58229167 | V17: 0.60694444 | W17: 0.634375 | X17: 0.68888889 | Y17: 0.73541667 | Z17: 0.75590278
A18: WITTEBOME | B18: -34.014407724869756, 18.470837241167313 | C18: 0.21909722 | E18: 0.26770833 | G18: 0.30243056 | H18: 0.32326389 | I18: 0.35104167 | K18: 0.37881944 | M18: 0.40659722 | O18: 0.44826389 | Q18: 0.48993056 | T18: 0.53159722 | U18: 0.58368056 | V18: 0.60833333 | W18: 0.63576389 | X18: 0.69027778 | Y18: 0.73680556 | Z18: 0.75729167
... A30: CAPE TOWN | B30: -33.92364274076298, 18.427186832421853 | C30: 0.24166667 | E30: 0.29027778 | G30: 0.325 | H30: 0.34583333 | I30: 0.37361111 | K30: 0.40138889 | M30: 0.42916667 | O30: 0.47083333 | Q30: 0.5125 | T30: 0.55416667 | U30: 0.60625 | V30: 0.63090278 | W30: 0.65833333 | X30: 0.71284722 | Y30: 0.759375 | Z30: 0.77986111

Sheet CT-to-RTRET_Weekday
A1: Last Updated: | B1: 46181 | C1: Z1
A2: STATION | B2: COORDINATES | C2: 501 | D2: 503 | E2: 505 | F2: 507 | G2: 509 | H2: 511 | I2: 513 | J2: 515 | K2: 517 | L2: 519 | M2: 521 | N2: 523 | O2: 525 | P2: 527 | Q2: 529 | R2: 531 | S2: 533 | T2: 535 | U2: 537 | V2: 539 | W2: 541 | X2: 543
A3: CAPE TOWN | B3: -33.92364274076298, 18.427186832421853 | C3: 0.20833333 | D3: 0.23611111 | E3: 0.27083333 | F3: 0.28333333 | G3: 0.3125 | H3: 0.32638889 | I3: 0.35763889 | J3: 0.375 | K3: 0.40625 | L3: 0.44791667 | M3: 0.48263889 | N3: 0.52430556 | O3: 0.56597222 | P3: 0.61458333 | Q3: 0.63541667 | R3: 0.65625 | S3: 0.67708333 | T3: 0.69097222 | U3: 0.71180556 | V3: 0.73263889 | W3: 0.75347222 | X3: 0.78125
A4: WOODSTOCK | B4: -33.925091518292604, 18.44613476001006 | C4: 0.21041667 | D4: 0.23819444 | E4: 0.27291667 | F4: 0.28541667 | G4: 0.31458333 | H4: 0.32847222 | I4: 0.35972222 | J4: 0.37708333 | K4: 0.40833333 | L4: 0.45 | M4: 0.48472222 | N4: 0.52638889 | O4: 0.56805556 | P4: 0.61666667 | Q4: 0.6375 | R4: 0.65833333 | S4: 0.67916667 | T4: 0.69305556 | U4: 0.71388889 | V4: 0.73472222 | W4: 0.75555556 | X4: 0.78333333
A5: SALT RIVER | B5: -33.92754784267079, 18.464689103688738 | C5: 0.2125 | D5: 0.24027778 | E5: 0.275 | F5: 0.2875 | G5: 0.31666667 | H5: 0.33055556 | I5: 0.36180556 | J5: 0.37916667 | K5: 0.41041667 | L5: 0.45208333 | M5: 0.48680556 | N5: 0.52847222 | O5: 0.57013889 | P5: 0.61875 | Q5: 0.63958333 | R5: 0.66041667 | S5: 0.68125 | T5: 0.69513889 | U5: 0.71597222 | V5: 0.73680556 | W5: 0.75763889 | X5: 0.78541667
A6: KOEBERG RD | B6: -33.925709848130694, 18.478846676639503 | C6: 0.21388889 | D6: 0.24166667 | E6: 0.27638889 | F6: 0.28888889 | G6: 0.31805556 | H6: 0.33194444 | I6: 0.36319444 | J6: 0.38055556 | K6: 0.41180556 | L6: 0.45347222 | M6: 0.48819444 | N6: 0.52986111 | O6: 0.57152778 | P6: 0.62013889 | Q6: 0.64097222 | R6: 0.66180556 | S6: 0.68263889 | T6: 0.69652778 | U6: 0.71736111 | V6: 0.73819444 | W6: 0.75902778 | X6: 0.78680556
A7: MAITLAND | B7: -33.92457627299822, 18.487001076360375 | C7: 0.21527778 | D7: 0.24305556 | E7: 0.27777778 | F7: 0.29027778 | G7: 0.31944444 | H7: 0.33333333 | I7: 0.36458333 | J7: 0.38194444 | K7: 0.41319444 | L7: 0.45486111 | M7: 0.48958333 | N7: 0.53125 | O7: 0.57291667 | P7: 0.62152778 | Q7: 0.64236111 | R7: 0.66319444 | S7: 0.68402778 | T7: 0.69791667 | U7: 0.71875 | V7: 0.73958333 | W7: 0.76041667 | X7: 0.78819444
A8: NDABENI | B8: -33.9285724435786, 18.495175305274607 | C8: 0.21736111 | D8: 0.24513889 | E8: 0.27986111 | F8: 0.29236111 | G8: 0.32152778 | H8: 0.33541667 | I8: 0.36666667 | J8: 0.38402778 | K8: 0.41527778 | L8: 0.45694444 | M8: 0.49166667 | N8: 0.53333333 | O8: 0.575 | P8: 0.62361111 | Q8: 0.64444444 | R8: 0.66527778 | S8: 0.68611111 | T8: 0.7 | U8: 0.72083333 | V8: 0.74166667 | W8: 0.7625 | X8: 0.79027778
A9: PINELANDS | B9: -33.93963837429042, 18.490628305900564 | C9: 0.21944444 | D9: 0.24722222 | E9: 0.28194444 | F9: 0.29444444 | G9: 0.32361111 | H9: 0.3375 | I9: 0.36875 | J9: 0.38611111 | K9: 0.41736111 | L9: 0.45902778 | M9: 0.49375 | N9: 0.53541667 | O9: 0.57708333 | P9: 0.62569444 | Q9: 0.64652778 | R9: 0.66736111 | S9: 0.68819444 | T9: 0.70208333 | U9: 0.72291667 | V9: 0.74375 | W9: 0.76458333 | X9: 0.79236111
A10: HAZENDAL | B10: -33.95312997367514, 18.50245242483087 | C10: 0.22083333 | D10: 0.24861111 | E10: 0.28333333 | F10: 0.29583333 | G10: 0.325 | H10: 0.33888889 | I10: 0.37013889 | J10: 0.3875 | K10: 0.41875 | L10: 0.46041667 | M10: 0.49513889 | N10: 0.53680556 | O10: 0.57847222 | P10: 0.62708333 | Q10: 0.64791667 | R10: 0.66875 | S10: 0.68958333 | T10: 0.70347222 | U10: 0.72430556 | V10: 0.74513889 | W10: 0.76597222 | X10: 0.79375
A11: ATHLONE | B11: -33.962698295518024, 18.50155837334863 | C11: 0.22291667 | D11: 0.25069444 | E11: 0.28541667 | F11: 0.29791667 | G11: 0.32708333 | H11: 0.34097222 | I11: 0.37222222 | J11: 0.38958333 | K11: 0.42083333 | L11: 0.4625 | M11: 0.49722222 | N11: 0.53888889 | O11: 0.58055556 | P11: 0.62916667 | Q11: 0.65 | R11: 0.67083333 | S11: 0.69166667 | T11: 0.70555556 | U11: 0.72638889 | V11: 0.74722222 | W11: 0.76805556 | X11: 0.79583333
A12: CRAWFORD | B12: -33.9763722999728, 18.501211364161737 | C12: 0.22430556 | D12: 0.25208333 | E12: 0.28680556 | F12: 0.29930556 | G12: 0.32847222 | H12: 0.34236111 | I12: 0.37361111 | J12: 0.39097222 | K12: 0.42222222 | L12: 0.46388889 | M12: 0.49861111 | N12: 0.54027778 | O12: 0.58194444 | P12: 0.63055556 | Q12: 0.65138889 | R12: 0.67222222 | S12: 0.69305556 | T12: 0.70694444 | U12: 0.72777778 | V12: 0.74861111 | W12: 0.76944444 | X12: 0.79722222
A13: LANSDOWNE | B13: -33.987612457591645, 18.503826638830287 | C13: 0.22569444 | D13: 0.25347222 | E13: 0.28819444 | F13: 0.30069444 | G13: 0.32986111 | H13: 0.34375 | I13: 0.375 | J13: 0.39236111 | K13: 0.42361111 | L13: 0.46527778 | M13: 0.5 | N13: 0.54166667 | O13: 0.58333333 | P13: 0.63194444 | Q13: 0.65277778 | R13: 0.67361111 | S13: 0.69444444 | T13: 0.70833333 | U13: 0.72916667 | V13: 0.75 | W13: 0.77083333 | X13: 0.79861111
... A17: HEATHFIELD | B17: -34.04591101137236, 18.465287145466693 | C17: 0.23472222 | D17: 0.2625 | E17: 0.29722222 | F17: 0.30972222 | G17: 0.33888889 | H17: 0.35277778 | I17: 0.38402778 | J17: 0.40138889 | K17: 0.43263889 | L17: 0.47430556 | M17: 0.50902778 | N17: 0.55069444 | O17: 0.59236111 | P17: 0.64097222 | Q17: 0.66180556 | R17: 0.68263889 | S17: 0.70347222 | T17: 0.71736111 | U17: 0.73819444 | V17: 0.75902778 | W17: 0.77986111 | X17: 0.80763889
A18: RETREAT | B18: -34.05973193768172, 18.463112424714808 | K18: 0.43402778 | L18: 0.47569444 | M18: 0.51041667 | N18: 0.55208333 | O18: 0.59375 | P18: 0.64236111 | W18: 0.78125 | X18: 0.80902778

Sheet RTRET-to-CT_Weekday
A1: Last Updated: | B1: ='CT-to-RTRET_Weekday'!B1 -> 46181 | C1: Z1
A2: STATION | B2: COORDINATES | C2: 500 | D2: 502 | E2: 504 | F2: 506 | G2: 508 | H2: 510 | I2: 512 | J2: 514 | K2: 516 | L2: 518 | M2: 520 | N2: 522 | O2: 524 | P2: 526 | Q2: 528 | R2: 530 | S2: 532 | T2: 534 | U2: 536 | V2: 538 | W2: 540
A3: RETREAT | B3: -34.05973193768172, 18.463112424714808 | C3: 0.21736111 | D3: 0.24652778 | M3: 0.44444444 | N3: 0.48263889 | O3: 0.51736111 | P3: 0.57291667 | Q3: 0.60416667
A4: HEATHFIELD | B4: -34.04591101137236, 18.465287145466693 | C4: 0.21944444 | D4: 0.24861111 | E4: 0.26597222 | F4: 0.28125 | G4: 0.31388889 | H4: 0.33333333 | I4: 0.35069444 | J4: 0.36805556 | K4: 0.39583333 | L4: 0.41666667 | M4: 0.44652778 | N4: 0.48472222 | O4: 0.51944444 | P4: 0.575 | Q4: 0.60625 | R4: 0.64930556 | S4: 0.67013889 | T4: 0.69097222 | U4: 0.71875 | V4: 0.73263889 | W4: 0.76736111
A5: SOUTHFIELD | B5: -34.0328559622752, 18.481922097506832 | C5: 0.22152778 | D5: 0.25069444 | E5: 0.26805556 | F5: 0.28333333 | G5: 0.31597222 | H5: 0.33541667 | I5: 0.35277778 | J5: 0.37013889 | K5: 0.39791667 | L5: 0.41875 | M5: 0.44861111 | N5: 0.48680556 | O5: 0.52152778 | P5: 0.57708333 | Q5: 0.60833333 | R5: 0.65138889 | S5: 0.67222222 | T5: 0.69305556 | U5: 0.72083333 | V5: 0.73472222 | W5: 0.76944444
A6: OTTERY | B6: -34.01338244383532, 18.495063044196876 | C6: 0.22361111 | D6: 0.25277778 | E6: 0.27013889 | F6: 0.28541667 | G6: 0.31805556 | H6: 0.3375 | I6: 0.35486111 | J6: 0.37222222 | K6: 0.4 | L6: 0.42083333 | M6: 0.45069444 | N6: 0.48888889 | O6: 0.52361111 | P6: 0.57916667 | Q6: 0.61041667 | R6: 0.65347222 | S6: 0.67430556 | T6: 0.69513889 | U6: 0.72291667 | V6: 0.73680556 | W6: 0.77152778
A7: WETTON | B7: -34.00198092036942, 18.501121431579975 | C7: 0.22569444 | D7: 0.25486111 | E7: 0.27222222 | F7: 0.2875 | G7: 0.32013889 | H7: 0.33958333 | I7: 0.35694444 | J7: 0.37430556 | K7: 0.40208333 | L7: 0.42291667 | M7: 0.45277778 | N7: 0.49097222 | O7: 0.52569444 | P7: 0.58125 | Q7: 0.6125 | R7: 0.65555556 | S7: 0.67638889 | T7: 0.69722222 | U7: 0.725 | V7: 0.73888889 | W7: 0.77361111
A8: LANSDOWNE | B8: -33.987612457591645, 18.503826638830287 | C8: 0.22708333 | D8: 0.25625 | E8: 0.27361111 | F8: 0.28888889 | G8: 0.32152778 | H8: 0.34097222 | I8: 0.35833333 | J8: 0.37569444 | K8: 0.40347222 | L8: 0.42430556 | M8: 0.45416667 | N8: 0.49236111 | O8: 0.52708333 | P8: 0.58263889 | Q8: 0.61388889 | R8: 0.65694444 | S8: 0.67777778 | T8: 0.69861111 | U8: 0.72638889 | V8: 0.74027778 | W8: 0.775
A9: CRAWFORD | B9: -33.9763722999728, 18.501211364161737 | C9: 0.22847222 | D9: 0.25763889 | E9: 0.275 | F9: 0.29027778 | G9: 0.32291667 | H9: 0.34236111 | I9: 0.35972222 | J9: 0.37708333 | K9: 0.40486111 | L9: 0.42569444 | M9: 0.45555556 | N9: 0.49375 | O9: 0.52847222 | P9: 0.58402778 | Q9: 0.61527778 | R9: 0.65833333 | S9: 0.67916667 | T9: 0.7 | U9: 0.72777778 | V9: 0.74166667 | W9: 0.77638889
A10: ATHLONE | B10: -33.962698295518024, 18.50155837334863 | C10: 0.23055556 | D10: 0.25972222 | E10: 0.27708333 | F10: 0.29236111 | G10: 0.325 | H10: 0.34444444 | I10: 0.36180556 | J10: 0.37916667 | K10: 0.40694444 | L10: 0.42777778 | M10: 0.45763889 | N10: 0.49583333 | O10: 0.53055556 | P10: 0.58611111 | Q10: 0.61736111 | R10: 0.66041667 | S10: 0.68125 | T10: 0.70208333 | U10: 0.72986111 | V10: 0.74375 | W10: 0.77847222
A11: HAZENDAL | B11: -33.95312997367514, 18.50245242483087 | C11: 0.23194444 | D11: 0.26111111 | E11: 0.27847222 | F11: 0.29375 | G11: 0.32638889 | H11: 0.34583333 | I11: 0.36319444 | J11: 0.38055556 | K11: 0.40833333 | L11: 0.42916667 | M11: 0.45902778 | N11: 0.49722222 | O11: 0.53194444 | P11: 0.5875 | Q11: 0.61875 | R11: 0.66180556 | S11: 0.68263889 | T11: 0.70347222 | U11: 0.73125 | V11: 0.74513889 | W11: 0.77986111
A12: PINELANDS | B12: -33.93963837429042, 18.490628305900564 | C12: 0.23402778 | D12: 0.26319444 | E12: 0.28055556 | F12: 0.29583333 | G12: 0.32847222 | H12: 0.34791667 | I12: 0.36527778 | J12: 0.38263889 | K12: 0.41041667 | L12: 0.43125 | M12: 0.46111111 | N12: 0.49930556 | O12: 0.53402778 | P12: 0.58958333 | Q12: 0.62083333 | R12: 0.66388889 | S12: 0.68472222 | T12: 0.70555556 | U12: 0.73333333 | V12: 0.74722222 | W12: 0.78194444
A13: NDABENI | B13: -33.9285724435786, 18.495175305274607 | C13: 0.23541667 | D13: 0.26458333 | E13: 0.28194444 | F13: 0.29722222 | G13: 0.32986111 | H13: 0.34930556 | I13: 0.36666667 | J13: 0.38402778 | K13: 0.41180556 | L13: 0.43263889 | M13: 0.4625 | N13: 0.50069444 | O13: 0.53541667 | P13: 0.59097222 | Q13: 0.62222222 | R13: 0.66527778 | S13: 0.68611111 | T13: 0.70694444 | U13: 0.73472222 | V13: 0.74861111 | W13: 0.78333333
A14: MAITLAND | B14: -33.92457627299822, 18.487001076360375 | C14: 0.2375 | D14: 0.26666667 | E14: 0.28402778 | F14: 0.29930556 | G14: 0.33194444 | H14: 0.35138889 | I14: 0.36875 | J14: 0.38611111 | K14: 0.41388889 | L14: 0.43472222 | M14: 0.46458333 | N14: 0.50277778 | O14: 0.5375 | P14: 0.59305556 | Q14: 0.62430556 | R14: 0.66736111 | S14: 0.68819444 | T14: 0.70902778 | U14: 0.73680556 | V14: 0.75069444 | W14: 0.78541667
A15: KOEBERG RD | B15: -33.925709848130694, 18.478846676639503 | C15: 0.23888889 | D15: 0.26805556 | E15: 0.28541667 | F15: 0.30069444 | G15: 0.33333333 | H15: 0.35277778 | I15: 0.37013889 | J15: 0.3875 | K15: 0.41527778 | L15: 0.43611111 | M15: 0.46597222 | N15: 0.50416667 | O15: 0.53888889 | P15: 0.59444444 | Q15: 0.62569444 | R15: 0.66875 | S15: 0.68958333 | T15: 0.71041667 | U15: 0.73819444 | V15: 0.75208333 | W15: 0.78680556
... A18: CAPE TOWN | B18: -33.92364274076298, 18.427186832421853 | C18: 0.24513889 | D18: 0.27430556 | E18: 0.29166667 | F18: 0.30694444 | G18: 0.33958333 | H18: 0.35902778 | I18: 0.37638889 | J18: 0.39375 | K18: 0.42152778 | L18: 0.44236111 | M18: 0.47222222 | N18: 0.51041667 | O18: 0.54513889 | P18: 0.60069444 | Q18: 0.63194444 | R18: 0.675 | S18: 0.69583333 | T18: 0.71666667 | U18: 0.74444444 | V18: 0.75833333 | W18: 0.79305556

Sheet CT-to-RTRET_Sat
A1: Last Updated: | B1: 45345 | C1: Z1
A2: STATION | B2: COORDINATES | C2: 0501 | D2: 0503 | E2: 0505 | F2: 0507 | G2: 0509 | H2: 0511 | I2: 0513 | J2: 0515
A3: CAPE TOWN | B3: -33.92364274076298, 18.427186832421853 | C3: 0.22222222 | D3: 0.26736111 | E3: 0.3125 | F3: 0.35763889 | G3: 0.39930556 | H3: 0.45138889 | I3: 0.49305556 | J3: 0.55208333
A4: WOODSTOCK | B4: -33.925091518292604, 18.44613476001006 | C4: 0.22430556 | D4: 0.26944444 | E4: 0.31458333 | F4: 0.35972222 | G4: 0.40138889 | H4: 0.45347222 | I4: 0.49513889 | J4: 0.55416667
A5: SALT RIVER | B5: -33.92754784267079, 18.464689103688738 | C5: 0.22638889 | D5: 0.27152778 | E5: 0.31666667 | F5: 0.36180556 | G5: 0.40347222 | H5: 0.45555556 | I5: 0.49722222 | J5: 0.55625
A6: KOEBERG RD | B6: -33.925709848130694, 18.478846676639503 | C6: 0.22777778 | D6: 0.27291667 | E6: 0.31805556 | F6: 0.36319444 | G6: 0.40486111 | H6: 0.45694444 | I6: 0.49861111 | J6: 0.55763889
A7: MAITLAND | B7: -33.92457627299822, 18.487001076360375 | C7: 0.22916667 | D7: 0.27430556 | E7: 0.31944444 | F7: 0.36458333 | G7: 0.40625 | H7: 0.45833333 | I7: 0.5 | J7: 0.55902778
A8: NDABENI | B8: -33.9285724435786, 18.495175305274607 | C8: 0.23125 | D8: 0.27638889 | E8: 0.32152778 | F8: 0.36666667 | G8: 0.40833333 | H8: 0.46041667 | I8: 0.50208333 | J8: 0.56111111
A9: PINELANDS | B9: -33.93963837429042, 18.490628305900564 | C9: 0.23333333 | D9: 0.27847222 | E9: 0.32361111 | F9: 0.36875 | G9: 0.41041667 | H9: 0.4625 | I9: 0.50416667 | J9: 0.56319444
A10: HAZENDAL | B10: -33.95312997367514, 18.50245242483087 | C10: 0.23472222 | D10: 0.27986111 | E10: 0.325 | F10: 0.37013889 | G10: 0.41180556 | H10: 0.46388889 | I10: 0.50555556 | J10: 0.56458333
A11: ATHLONE | B11: -33.962698295518024, 18.50155837334863 | C11: 0.23680556 | D11: 0.28194444 | E11: 0.32708333 | F11: 0.37222222 | G11: 0.41388889 | H11: 0.46597222 | I11: 0.50763889 | J11: 0.56666667
A12: CRAWFORD | B12: -33.9763722999728, 18.501211364161737 | C12: 0.23819444 | D12: 0.28333333 | E12: 0.32847222 | F12: 0.37361111 | G12: 0.41527778 | H12: 0.46736111 | I12: 0.50902778 | J12: 0.56805556
A13: LANSDOWNE | B13: -33.987612457591645, 18.503826638830287 | C13: 0.23958333 | D13: 0.28472222 | E13: 0.32986111 | F13: 0.375 | G13: 0.41666667 | H13: 0.46875 | I13: 0.51041667 | J13: 0.56944444
A14: WETTON | B14: -34.00198092036942, 18.501121431579975 | C14: 0.24166667 | D14: 0.28680556 | E14: 0.33194444 | F14: 0.37708333 | G14: 0.41875 | H14: 0.47083333 | I14: 0.5125 | J14: 0.57152778
... A18: RETREAT | B18: -34.05973193768172, 18.463112424714808 | C18: 0.25 | D18: 0.29513889 | E18: 0.34027778 | F18: 0.38541667 | G18: 0.42708333 | H18: 0.47916667 | I18: 0.52083333 | J18: 0.57986111

Sheet RTRET-to-CT_Sat
A1: Last Updated: | B1: 45345 | C1: Z1
A2: STATION | B2: COORDINATES | C2: 0500 | D2: 0502 | E2: 0504 | F2: 0506 | G2: 0508 | H2: 0510 | I2: 0512 | J2: 0514
A3: RETREAT | B3: -34.05973193768172, 18.463112424714808 | C3: 0.21875 | D3: 0.26527778 | E3: 0.31944444 | F3: 0.34861111 | G3: 0.40277778 | H3: 0.44444444 | I3: 0.48611111 | J3: 0.52777778
A4: HEATHFIELD | B4: -34.04591101137236, 18.465287145466693 | C4: 0.22083333 | D4: 0.26736111 | E4: 0.32152778 | F4: 0.35069444 | G4: 0.40486111 | H4: 0.44652778 | I4: 0.48819444 | J4: 0.52986111
A5: SOUTHFIELD | B5: -34.0328559622752, 18.481922097506832 | C5: 0.22291667 | D5: 0.26944444 | E5: 0.32361111 | F5: 0.35277778 | G5: 0.40694444 | H5: 0.44861111 | I5: 0.49027778 | J5: 0.53194444
A6: OTTERY | B6: -34.01338244383532, 18.495063044196876 | C6: 0.225 | D6: 0.27152778 | E6: 0.32569444 | F6: 0.35486111 | G6: 0.40902778 | H6: 0.45069444 | I6: 0.49236111 | J6: 0.53402778
A7: WETTON | B7: -34.00198092036942, 18.501121431579975 | C7: 0.22708333 | D7: 0.27361111 | E7: 0.32777778 | F7: 0.35694444 | G7: 0.41111111 | H7: 0.45277778 | I7: 0.49444444 | J7: 0.53611111
A8: LANSDOWNE | B8: -33.987612457591645, 18.503826638830287 | C8: 0.22847222 | D8: 0.275 | E8: 0.32916667 | F8: 0.35833333 | G8: 0.4125 | H8: 0.45416667 | I8: 0.49583333 | J8: 0.5375
A9: CRAWFORD | B9: -33.9763722999728, 18.501211364161737 | C9: 0.22986111 | D9: 0.27638889 | E9: 0.33055556 | F9: 0.35972222 | G9: 0.41388889 | H9: 0.45555556 | I9: 0.49722222 | J9: 0.53888889
A10: ATHLONE | B10: -33.962698295518024, 18.50155837334863 | C10: 0.23194444 | D10: 0.27847222 | E10: 0.33263889 | F10: 0.36180556 | G10: 0.41597222 | H10: 0.45763889 | I10: 0.49930556 | J10: 0.54097222
A11: HAZENDAL | B11: -33.95312997367514, 18.50245242483087 | C11: 0.23333333 | D11: 0.27986111 | E11: 0.33402778 | F11: 0.36319444 | G11: 0.41736111 | H11: 0.45902778 | I11: 0.50069444 | J11: 0.54236111
A12: PINELANDS | B12: -33.93963837429042, 18.490628305900564 | C12: 0.23541667 | D12: 0.28194444 | E12: 0.33611111 | F12: 0.36527778 | G12: 0.41944444 | H12: 0.46111111 | I12: 0.50277778 | J12: 0.54444444
A13: NDABENI | B13: -33.9285724435786, 18.495175305274607 | C13: 0.23680556 | D13: 0.28333333 | E13: 0.3375 | F13: 0.36666667 | G13: 0.42083333 | H13: 0.4625 | I13: 0.50416667 | J13: 0.54583333
A14: MAITLAND | B14: -33.92457627299822, 18.487001076360375 | C14: 0.23888889 | D14: 0.28541667 | E14: 0.33958333 | F14: 0.36875 | G14: 0.42291667 | H14: 0.46458333 | I14: 0.50625 | J14: 0.54791667
... A18: CAPE TOWN | B18: -33.92364274076298, 18.427186832421853 | C18: 0.25 | D18: 0.29652778 | E18: 0.35069444 | F18: 0.37986111 | G18: 0.43402778 | H18: 0.47569444 | I18: 0.51736111 | J18: 0.55902778

Sheet SheetX

Sheet NOR_IN_WK_MASTER
A1: Last Updated: | B1: 46181 | C1: Z1 | D1: =SORT(A2:A14, ROW(A2:A14), 0)
A2: STATION | B2: COORDINATES | C2: 2500 | D2: 2300 | E2: 3200 | F2: 3500 | G2: 3400 | H2: 2504 | I2: 3202 | J2: 2630 | K2: 3204 | L2: 3402 | M2: 3502 | N2: 2302 | O2: 2506 | P2: 3206 | Q2: 3504 | R2: 3404 | S2: 2508 | T2: 3208 | U2: 3506 | V2: 3406 | W2: 2510 | X2: 3210 | Y2: 2512 | Z2: 3212 | AA2: 3508 | AB2: 3408 | AC2: 2514 | AD2: 3214 | AE2: 3216 | AF2: 2516 | AG2: 3410 | AH2: 3510 | AI2: 3218 | AJ2: 2520 | AK2: 3512 | AL2: 3220 | AM2: 3412 | AN2: 2522 | AO2: 3514 | AP2: 3222 | AQ2: 3414 | AR2: 3516
A3: WELLINGTON | B3: -33.634617793572524, 18.991778229234328 | F3: 0.17708333 | M3: 0.25 | Q3: 0.29722222 | U3: 0.34027778 | AA3: 0.44097222 | AH3: 0.58333333 | AK3: 0.63541667 | AO3: 0.69791667 | AR3: 0.75694444
A4: MBEKWENI | B4: -33.6745835750923, 18.98548912089934 | F4: 0.18472222 | M4: 0.25902778 | Q4: 0.30069444 | U4: 0.34930556 | AA4: 0.45 | AH4: 0.59236111 | AK4: 0.64444444 | AO4: 0.70694444 | AR4: 0.76597222
A5: DAL JOSAFAT | B5: -33.70729186118812, 18.97995087065291 | F5: 0.19375 | M5: 0.26666667 | Q5: 0.30833333 | U5: 0.35694444 | AA5: 0.45763889 | AH5: 0.6 | AK5: 0.65208333 | AO5: 0.71458333 | AR5: 0.77361111
A6: HUGUENOT | B6: -33.72990864160102, 18.976547324806557 | F6: 0.19722222 | M6: 0.27013889 | Q6: 0.31180556 | U6: 0.36041667 | AA6: 0.46111111 | AH6: 0.60347222 | AK6: 0.65555556 | AO6: 0.71805556 | AR6: 0.77708333
A7: PAARL | B7: -33.7651495544123, 18.964509229033844 | F7: 0.20555556 | M7: 0.27847222 | Q7: 0.32013889 | U7: 0.36875 | AA7: 0.46944444 | AH7: 0.61180556 | AK7: 0.66388889 | AO7: 0.72638889 | AR7: 0.78541667
A8: KLAPMUTS | B8: -33.80603693098734, 18.870194550736368 | F8: 0.21527778 | M8: 0.28819444 | Q8: 0.32986111 | U8: 0.37847222 | AA8: 0.47916667 | AH8: 0.62152778 | AK8: 0.67361111 | AO8: 0.73611111 | AR8: 0.79513889
A9: MULDERSVLEI | B9: -33.830997060529654, 18.828140321428084 | F9: 0.225 | M9: 0.29791667 | Q9: 0.33958333 | U9: 0.38819444 | AA9: 0.48888889 | AH9: 0.63125 | AK9: 0.68333333 | AO9: 0.74583333 | AR9: 0.80486111
A10: KRAAIFONTEIN | B10: -33.84688758182714, 18.724423652533385 | C10: 0.1875 | F10: 0.23263889 | H10: 0.25347222 | J10: 0.27777778 | M10: 0.30555556 | O10: 0.32291667 | Q10: 0.34722222 | S10: 0.375 | U10: 0.39583333 | W10: 0.43402778 | Y10: 0.46180556 | AA10: 0.49652778 | AC10: 0.52777778 | AF10: 0.60416667 | AH10: 0.63888889 | AJ10: 0.67361111 | AK10: 0.69097222 | AN10: 0.73611111 | AO10: 0.75347222 | AR10: 0.8125
A11: EIKENFONTEIN | B11: -33.857150054357206, 18.71115937457518 | C11: 0.19097222 | F11: 0.23611111 | H11: 0.25694444 | J11: EXPRESS | M11: 0.30902778 | O11: 0.32638889 | Q11: 0.35069444 | S11: 0.37847222 | U11: 0.39930556 | W11: 0.4375 | Y11: 0.46527778 | AA11: 0.5 | AC11: 0.53125 | AF11: 0.60763889 | AH11: 0.64236111 | AJ11: 0.67708333 | AK11: 0.69444444 | AN11: 0.73958333 | AO11: 0.75694444 | AR11: 0.81597222
A12: BRACKENFELL | B12: -33.880926996885385, 18.68869797254891 | C12: 0.19444444 | F12: 0.23958333 | H12: 0.26041667 | J12: 0.28472222 | M12: 0.3125 | O12: 0.32986111 | Q12: 0.35416667 | S12: 0.38194444 | U12: 0.40277778 | W12: 0.44097222 | Y12: 0.46875 | AA12: 0.50347222 | AC12: 0.53472222 | AF12: 0.61111111 | AH12: 0.64583333 | AJ12: 0.68055556 | AK12: 0.69791667 | AN12: 0.74305556 | AO12: 0.76041667 | AR12: 0.81944444
A13: STIKLAND | B13: -33.9047695247263, 18.656536260281065 | C13: 0.19861111 | F13: 0.24375 | H13: 0.26458333 | J13: 0.28888889 | M13: 0.31666667 | O13: 0.33402778 | Q13: 0.35833333 | S13: 0.38611111 | U13: 0.40694444 | W13: 0.44513889 | Y13: 0.47291667 | AA13: 0.50763889 | AC13: 0.53888889 | AF13: 0.61527778 | AH13: 0.65 | AJ13: 0.68472222 | AK13: 0.70208333 | AN13: 0.74722222 | AO13: 0.76458333 | AR13: 0.82361111
A14: DU TOIT | B14: -33.92370031736484, 18.854173801274253 | G14: 0.23055556 | L14: 0.27916667 | R14: 0.34166667 | V14: 0.39930556 | AB14: 0.48958333 | AG14: 0.60416667 | AM14: 0.71180556 | AQ14: 0.76736111
A15: STELLENBOSCH | B15: -33.938838693814446, 18.84974494856104 | G15: 0.23194444 | L15: 0.28055556 | R15: 0.34305556 | V15: 0.40069444 | AB15: 0.49097222 | AG15: 0.60555556 | AM15: 0.71319444 | AQ15: 0.76875
A16: VLOTTENBURG | B16: -33.962118874611896, 18.79993852483128 | G16: 0.23611111 | L16: 0.28472222 | R16: 0.34722222 | V16: 0.40486111 | AB16: 0.49513889 | AG16: 0.60972222 | AM16: 0.71736111 | AQ16: 0.77291667
A17: LYNEDOCH | B17: -33.981135182294715, 18.771482767776543 | G17: 0.24375 | L17: 0.29236111 | R17: 0.35486111 | V17: 0.4125 | AB17: 0.50277778 | AG17: 0.61736111 | AM17: 0.725 | AQ17: 0.78055556
A18: STRAND | B18: -34.11501400933376, 18.83241814522109 | E18: 0.20486111 | I18: 0.24652778 | K18: 0.26597222 | P18: 0.31944444 | T18: 0.37152778 | X18: 0.42361111 | Z18: 0.46875 | AD18: 0.52430556 | AE18: 0.56944444 | AI18: 0.63888889 | AL18: 0.6875 | AP18: 0.74652778
A19: VAN DER STEL | B19: -34.09517018322416, 18.852427615633125 | E19: 0.20833333 | I19: 0.25 | K19: 0.26944444 | P19: 0.32291667 | T19: 0.375 | X19: 0.42708333 | Z19: 0.47222222 | AD19: 0.52777778 | AE19: 0.57291667 | AI19: 0.64236111 | AL19: 0.69097222 | AP19: 0.75
A20: SOMERSET WEST | B20: -34.08447978768948, 18.84218338240483 | E20: 0.2125 | I20: 0.25416667 | K20: 0.27361111 | P20: 0.32708333 | T20: 0.37916667 | X20: 0.43125 | Z20: 0.47638889 | AD20: 0.53194444 | AE20: 0.57708333 | AI20: 0.64652778 | AL20: 0.69513889 | AP20: 0.75416667
A21: FIRGROVE | B21: -34.0559415632047, 18.793265006888184 | E21: 0.21666667 | I21: 0.25833333 | K21: 0.27777778 | P21: 0.33125 | T21: 0.38333333 | X21: 0.43541667 | Z21: 0.48055556 | AD21: 0.53611111 | AE21: 0.58125 | AI21: 0.65069444 | AL21: 0.69930556 | AP21: 0.75833333
A22: FAURE | B22: -34.02629322078662, 18.74703766946096 | E22: 0.22013889 | I22: 0.26180556 | K22: 0.28125 | P22: 0.33472222 | T22: 0.38680556 | X22: 0.43888889 | Z22: 0.48402778 | AD22: 0.53958333 | AE22: 0.58472222 | AI22: 0.65416667 | AL22: 0.70277778 | AP22: 0.76180556
A23: EERSTE RIVER | B23: -34.00075832740343, 18.73096117658652 | D23: 0.20486111 | E23: 0.22291667 | G23: 0.24652778 | I23: 0.26458333 | K23: 0.28402778 | L23: 0.29513889 | N23: 0.3125 | P23: 0.3375 | R23: 0.35763889 | T23: 0.38958333 | V23: 0.41527778 | X23: 0.44166667 | Z23: 0.48680556 | AB23: 0.50555556 | AD23: 0.54236111 | AE23: 0.5875 | AG23: 0.62013889 | AI23: 0.65694444 | AL23: 0.70555556 | AM23: 0.72777778 | AP23: 0.76458333 | AQ23: 0.78333333
A24: MELTONROSE | B24: -33.98901211755698, 18.72041949781896 | D24: 0.20833333 | E24: 0.22638889 | G24: 0.25 | I24: 0.26805556 | K24: 0.2875 | L24: 0.29861111 | N24: 0.31597222 | P24: 0.34097222 | R24: 0.36111111 | T24: 0.39305556 | V24: 0.41875 | X24: 0.44513889 | Z24: 0.49027778 | AB24: 0.50902778 | AD24: 0.54583333 | AE24: 0.59097222 | AG24: 0.62361111 | AI24: 0.66041667 | AL24: 0.70902778 | AM24: 0.73125 | AP24: 0.76805556 | AQ24: 0.78680556
A25: BLACKHEATH | B25: -33.9643141952728, 18.701548671843643 | D25: 0.21180556 | E25: 0.22986111 | G25: 0.25347222 | I25: 0.27152778 | K25: 0.29097222 | L25: 0.30208333 | N25: 0.31944444 | P25: 0.34444444 | R25: 0.36458333 | T25: 0.39652778 | V25: 0.42222222 | X25: 0.44861111 | Z25: 0.49375 | AB25: 0.5125 | AD25: 0.54930556 | AE25: 0.59444444 | AG25: 0.62708333 | AI25: 0.66388889 | AL25: 0.7125 | AM25: 0.73472222 | AP25: 0.77152778 | AQ25: 0.79027778
A26: KUILS RIVER | B26: -33.93352364094155, 18.67754300956503 | D26: 0.21597222 | E26: 0.23402778 | G26: 0.25763889 | I26: 0.27569444 | K26: 0.29513889 | L26: 0.30625 | N26: 0.32361111 | P26: 0.34861111 | R26: 0.36875 | T26: 0.40069444 | V26: 0.42638889 | X26: 0.45277778 | Z26: 0.49791667 | AB26: 0.51666667 | AD26: 0.55347222 | AE26: 0.59861111 | AG26: 0.63125 | AI26: 0.66805556 | AL26: 0.71666667 | AM26: 0.73888889 | AP26: 0.77569444 | AQ26: 0.79444444
A27: BELLVILLE | B27: -33.906263459762684, 18.62662128465745 | C27: 0.20555556 | D27: 0.22291667 | E27: 0.24027778 | F27: 0.25069444 | G27: 0.26805556 | H27: 0.27152778 | I27: 0.28263889 | J27: 0.29583333 | K27: 0.30555556 | L27: 0.31319444 | M27: 0.32361111 | N27: 0.33055556 | O27: 0.34097222 | P27: 0.35486111 | Q27: 0.36527778 | R27: 0.37569444 | S27: 0.39305556 | T27: 0.40555556 | U27: 0.41388889 | V27: 0.43333333 | W27: 0.45208333 | X27: 0.45902778 | Y27: 0.47986111 | Z27: 0.50486111 | AA27: 0.51388889 | AB27: 0.52361111 | AC27: 0.54583333 | AD27: 0.56041667 | AE27: 0.60555556 | AF27: 0.62152778 | AG27: 0.63958333 | AH27: 0.65694444 | AI27: 0.675 | AJ27: 0.69166667 | AK27: 0.70902778 | AL27: 0.72361111 | AM27: 0.74583333 | AN27: 0.75416667 | AO27: 0.77152778 | AP27: 0.78263889 | AQ27: 0.80069444 | AR27: 0.82986111
A29: TYGERBERG | B29: -33.90746864928141, 18.601251455579924 | C29: 0.20972222 | D29: 0.22708333 | E29: Via MV | F29: 0.25486111 | G29: 0.27222222 | H29: Via MV | I29: 0.28680556 | J29: Via MV | K29: 0.30625 | L29: Via MV | M29: 0.32777778 | O29: 0.34513889 | P29: Via MV | Q29: 0.36944444 | R29: Via MV | S29: 0.39722222 | U29: 0.41805556 | V29: 0.4375 | W29: 0.45625 | Y29: 0.48402778 | Z29: 0.50902778 | AB29: 0.52777778 | AC29: 0.55 | AD29: 0.56458333 | AE29: 0.60972222 | AF29: 0.62638889 | AG29: 0.64375 | AH29: 0.66111111 | AI29: 0.67916667 | AJ29: 0.69583333 | AL29: 0.72777778 | AM29: 0.74930556 | AN29: 0.75902778 | AO29: Via MV | AP29: 0.78680556
A30: PAROW | B30: -33.90972003537582, 18.58605150487192 | C30: 0.2125 | D30: 0.22986111 | F30: 0.25763889 | G30: 0.275 | I30: 0.28958333 | K30: 0.30902778 | M30: 0.33055556 | O30: 0.34791667 | Q30: 0.37222222 | S30: 0.4 | U30: 0.42083333 | V30: 0.44027778 | W30: 0.45902778 | Y30: 0.48680556 | Z30: 0.51180556 | AB30: 0.53055556 | AC30: 0.55277778 | AD30: 0.56736111 | AE30: 0.6125 | AF30: 0.62916667 | AG30: 0.64652778 | AH30: 0.66388889 | AI30: 0.68194444 | AJ30: 0.69861111 | AL30: 0.73055556 | AM30: 0.75277778 | AN30: 0.76180556 | AP30: 0.78958333
A31: ELSIES RIVER | B31: -33.91063655254298, 18.569073058894848 | C31: 0.21388889 | D31: 0.23125 | F31: 0.25902778 | G31: 0.27638889 | I31: 0.29097222 | K31: 0.31041667 | M31: 0.33194444 | O31: 0.34930556 | Q31: 0.37361111 | S31: 0.40138889 | U31: 0.42222222 | V31: 0.44166667 | W31: 0.46041667 | Y31: 0.48819444 | Z31: 0.51319444 | AB31: 0.53194444 | AC31: 0.55416667 | AD31: 0.56875 | AE31: 0.61388889 | AF31: 0.63055556 | AG31: 0.64791667 | AH31: 0.66527778 | AI31: 0.68333333 | AJ31: 0.7 | AL31: 0.73194444 | AM31: 0.75416667 | AN31: 0.76319444 | AP31: 0.79097222
A32: VASCO | B32: -33.910963456351396, 18.558511811261425 | C32: 0.21597222 | D32: 0.23333333 | F32: 0.26111111 | G32: 0.27847222 | I32: 0.29305556 | K32: 0.3125 | M32: 0.33402778 | O32: 0.35138889 | Q32: 0.37569444 | S32: 0.40347222 | U32: 0.42430556 | V32: 0.44375 | W32: 0.4625 | Y32: 0.49027778 | Z32: 0.51527778 | AB32: 0.53402778 | AC32: 0.55625 | AD32: 0.57083333 | AE32: 0.61597222 | AF32: 0.63263889 | AG32: 0.65 | AH32: 0.66736111 | AI32: 0.68541667 | AJ32: 0.70208333 | AL32: 0.73402778 | AM32: 0.75625 | AN32: 0.76527778 | AP32: 0.79305556
A33: GOODWOOD | B33: -33.91452357725314, 18.547135062452178 | C33: 0.21805556 | D33: 0.23541667 | F33: 0.26319444 | G33: 0.28055556 | I33: 0.29513889 | K33: 0.31458333 | M33: 0.33611111 | O33: 0.35347222 | Q33: 0.37777778 | S33: 0.40555556 | U33: 0.42638889 | V33: 0.44583333 | W33: 0.46458333 | Y33: 0.49236111 | Z33: 0.51736111 | AB33: 0.53611111 | AC33: 0.55833333 | AD33: 0.57291667 | AE33: 0.61805556 | AF33: 0.63472222 | AG33: 0.65208333 | AH33: 0.66944444 | AI33: 0.6875 | AJ33: 0.70416667 | AL33: 0.73611111 | AM33: 0.75833333 | AN33: 0.76736111 | AP33: 0.79513889
A34: THORNTON | B34: -33.91899825858434, 18.532372608746943 | C34: 0.22013889 | D34: 0.2375 | F34: 0.26527778 | G34: 0.28263889 | I34: 0.29722222 | K34: 0.31666667 | M34: 0.33819444 | O34: 0.35555556 | Q34: 0.37986111 | S34: 0.40763889 | U34: 0.42847222 | V34: 0.44791667 | W34: 0.46666667 | Y34: 0.49444444 | Z34: 0.51944444 | AB34: 0.53819444 | AC34: 0.56041667 | AD34: 0.575 | AE34: 0.62013889 | AF34: 0.63680556 | AG34: 0.65416667 | AH34: 0.67152778 | AI34: 0.68958333 | AJ34: 0.70625 | AL34: 0.73819444 | AM34: 0.76041667 | AN34: 0.76944444 | AP34: 0.79722222
A35: MUTUAL | B35: -33.92209345116931, 18.511988082500565 | C35: 0.22291667 | D35: 0.24027778 | F35: 0.26805556 | G35: 0.28541667 | I35: 0.3 | K35: 0.31944444 | M35: 0.34097222 | O35: 0.35833333 | Q35: 0.38263889 | S35: 0.41041667 | U35: 0.43125 | V35: 0.45069444 | W35: 0.46944444 | Y35: 0.49722222 | Z35: 0.52222222 | AB35: 0.54097222 | AC35: 0.56319444 | AD35: 0.57777778 | AE35: 0.62291667 | AF35: 0.63958333 | AG35: 0.65694444 | AH35: 0.67430556 | AI35: 0.69236111 | AJ35: 0.70902778 | AL35: 0.74097222 | AM35: 0.76319444 | AN35: 0.77222222 | AP35: 0.8
A36: WOLTEMADE | B36: -33.92219529219735, 18.507010581735287 | C36: 0.22430556 | D36: 0.24166667 | F36: 0.26944444 | G36: 0.28680556 | I36: 0.30138889 | K36: 0.32083333 | M36: 0.34236111 | O36: 0.35972222 | Q36: 0.38402778 | S36: 0.41180556 | U36: 0.43263889 | V36: 0.45208333 | W36: 0.47083333 | Y36: 0.49861111 | Z36: 0.52361111 | AB36: 0.54236111 | AC36: 0.56458333 | AD36: 0.57916667 | AE36: 0.62430556 | AF36: 0.64097222 | AG36: 0.65833333 | AH36: 0.67569444 | AI36: 0.69375 | AJ36: 0.71041667 | AL36: 0.74236111 | AM36: 0.76458333 | AN36: 0.77361111 | AP36: 0.80138889
A37: MAITLAND | B37: -33.92465193392986, 18.487001988940953 | C37: 0.22638889 | D37: 0.24375 | F37: 0.27152778 | G37: 0.28888889 | I37: 0.30347222 | K37: 0.32291667 | M37: 0.34444444 | O37: 0.36180556 | Q37: 0.38611111 | S37: 0.41388889 | U37: 0.43472222 | V37: 0.45416667 | W37: 0.47291667 | Y37: 0.50069444 | Z37: 0.52569444 | AB37: 0.54444444 | AC37: 0.56666667 | AD37: 0.58125 | AE37: 0.62638889 | AF37: 0.64305556 | AG37: 0.66041667 | AH37: 0.67777778 | AI37: 0.69583333 | AJ37: 0.7125 | AL37: 0.74444444 | AM37: 0.76666667 | AN37: 0.77569444 | AP37: 0.80347222
A38: KOEBERG RD | B38: -33.92570961024241, 18.47887742815667 | C38: 0.22847222 | D38: 0.24583333 | F38: 0.27361111 | G38: 0.29097222 | I38: 0.30555556 | K38: 0.325 | M38: 0.34652778 | O38: 0.36388889 | Q38: 0.38819444 | S38: 0.41597222 | U38: 0.43680556 | V38: 0.45625 | W38: 0.475 | Y38: 0.50277778 | Z38: 0.52777778 | AB38: 0.54652778 | AC38: 0.56875 | AD38: 0.58333333 | AE38: 0.62847222 | AF38: 0.64513889 | AG38: 0.6625 | AH38: 0.67986111 | AI38: 0.69791667 | AJ38: 0.71458333 | AL38: 0.74652778 | AM38: 0.76875 | AN38: 0.77777778 | AP38: 0.80555556
A39: SALT RIVER | B39: -33.92754558428959, 18.464689555116372 | C39: 0.22986111 | D39: 0.24722222 | F39: 0.275 | G39: 0.29236111 | I39: 0.30694444 | K39: 0.32638889 | M39: 0.34791667 | O39: 0.36527778 | Q39: 0.38958333 | S39: 0.41736111 | U39: 0.43819444 | V39: 0.45763889 | W39: 0.47638889 | Y39: 0.50416667 | Z39: 0.52916667 | AB39: 0.54791667 | AC39: 0.57013889 | AD39: 0.58472222 | AE39: 0.62986111 | AF39: 0.64652778 | AG39: 0.66388889 | AH39: 0.68125 | AI39: 0.69930556 | AJ39: 0.71597222 | AL39: 0.74791667 | AM39: 0.77013889 | AN39: 0.77916667 | AP39: 0.80694444
A40: WOODSTOCK | B40: -33.925058308184404, 18.44613913370814 | C40: 0.23125 | D40: 0.24861111 | F40: 0.27638889 | G40: 0.29375 | I40: 0.30833333 | K40: 0.32777778 | M40: 0.34930556 | O40: 0.36666667 | Q40: 0.39097222 | S40: 0.41875 | U40: 0.43958333 | V40: 0.45902778 | W40: 0.47777778 | Y40: 0.50555556 | Z40: 0.53055556 | AB40: 0.54930556 | AC40: 0.57152778 | AD40: 0.58611111 | AE40: 0.63125 | AF40: 0.64791667 | AG40: 0.66527778 | AH40: 0.68263889 | AI40: 0.70069444 | AJ40: 0.71736111 | AL40: 0.74930556 | AM40: 0.77152778 | AN40: 0.78055556 | AP40: 0.80833333
A41: CAPE TOWN | B41: -33.92363127060243, 18.42718648501388 | C41: 0.23333333 | D41: 0.25069444 | E41: 0.27916667 | F41: 0.27847222 | G41: 0.29583333 | H41: 0.30902778 | I41: 0.31041667 | J41: 0.32986111 | K41: 0.32986111 | M41: 0.35138889 | N41: 0.36875 | O41: 0.36875 | P41: 0.39305556 | Q41: 0.39305556 | S41: 0.42083333 | U41: 0.44166667 | V41: 0.46111111 | W41: 0.47986111 | Y41: 0.50763889 | Z41: 0.53263889 | AB41: 0.55138889 | AC41: 0.57361111 | AD41: 0.58819444 | AE41: 0.63333333 | AF41: 0.65 | AG41: 0.66736111 | AH41: 0.68472222 | AI41: 0.70277778 | AJ41: 0.71944444 | AK41: 0.74722222 | AL41: 0.75138889 | AM41: 0.77361111 | AN41: 0.79166667 | AO41: 0.79930556 | AP41: 0.81041667

Sheet NOR_OUT_WK_MASTER
A1: Last Updated: | B1: 46181 | C1: Z1
A2: STATION | B2: COORDINATES | C2: 3401 | D2: 3501 | E2: 2501 | F2: 3403 | G2: 3503 | H2: 2301 | I2: 3201 | J2: 3405 | K2: 2503 | L2: 3505 | M2: 3203 | N2: 2505 | O2: 3407 | P2: 3205 | Q2: 2507 | R2: 2509 | S2: 3207 | T2: 3409 | U2: 3507 | V2: 3209 | W2: 2511 | X2: 3211 | Y2: 3509 | Z2: 3411 | AA2: 2513 | AB2: 3213 | AC2: 3511 | AD2: 2517 | AE2: 3215 | AF2: 3413 | AG2: 3513 | AH2: 3217 | AI2: 3415 | AJ2: 2519 | AK2: 3515 | AL2: 3219 | AM2: 2677 | AN2: 3417 | AO2: 3221 | AP2: 3517 | AQ2: 2521
A3: CAPE TOWN | B3: -33.92363127060243, 18.42718648501388 | E3: 0.19791667 | G3: 0.22222222 | H3: 0.21875 | I3: 0.24652778 | J3: 0.26041667 | K3: 0.26388889 | L3: 0.28819444 | M3: 0.28819444 | N3: 0.30555556 | O3: 0.32291667 | P3: 0.35069444 | Q3: 0.37152778 | R3: 0.39236111 | T3: 0.41319444 | U3: 0.4375 | W3: 0.46527778 | X3: 0.5 | Z3: 0.52083333 | AA3: 0.53819444 | AB3: 0.5625 | AC3: 0.58333333 | AD3: 0.60416667 | AE3: 0.60416667 | AF3: 0.625 | AG3: 0.64236111 | AH3: 0.66319444 | AI3: 0.68055556 | AJ3: 0.68402778 | AK3: 0.70138889 | AL3: 0.72222222 | AM3: 0.72916667 | AN3: 0.73958333 | AO3: 0.75694444 | AP3: 0.75694444 | AQ3: 0.78125
A4: WOODSTOCK | B4: -33.925058308184404, 18.44613913370814 | E4: 0.2 | G4: 0.22430556 | H4: via | I4: 0.24861111 | J4: via | K4: 0.26597222 | L4: 0.29027778 | M4: via | N4: 0.30763889 | O4: 0.325 | P4: 0.35277778 | Q4: 0.37361111 | R4: 0.39444444 | T4: 0.41527778 | U4: 0.43958333 | W4: 0.46736111 | X4: 0.50208333 | Z4: 0.52291667 | AA4: 0.54027778 | AB4: 0.56458333 | AC4: 0.58541667 | AD4: 0.60625 | AE4: via | AF4: 0.62708333 | AG4: 0.64444444 | AH4: 0.66527778 | AI4: via | AJ4: 0.68611111 | AK4: 0.70347222 | AL4: 0.72430556 | AM4: via | AN4: 0.74166667 | AO4: 0.75902778 | AP4: via | AQ4: 0.78333333
A5: SALT RIVER | B5: -33.92754558428959, 18.464689555116372 | E5: 0.20138889 | G5: 0.22569444 | H5: Monte | I5: 0.25 | J5: Monte | K5: 0.26736111 | L5: 0.29166667 | M5: Monte | N5: 0.30902778 | O5: 0.32638889 | P5: 0.35416667 | Q5: 0.375 | R5: 0.39583333 | T5: 0.41666667 | U5: 0.44097222 | W5: 0.46875 | X5: 0.50347222 | Z5: 0.52430556 | AA5: 0.54166667 | AB5: 0.56597222 | AC5: 0.58680556 | AD5: 0.60763889 | AE5: Monte | AF5: 0.62847222 | AG5: 0.64583333 | AH5: 0.66666667 | AI5: Monte | AJ5: 0.6875 | AK5: 0.70486111 | AL5: 0.72569444 | AM5: Monte | AN5: 0.74305556 | AO5: 0.76041667 | AP5: Monte | AQ5: 0.78472222
A6: KOEBERG RD | B6: -33.92570961024241, 18.47887742815667 | E6: 0.20277778 | G6: 0.22708333 | H6: Vista | I6: 0.25138889 | J6: Vista | K6: 0.26875 | L6: 0.29305556 | M6: Vista | N6: 0.31041667 | O6: 0.32777778 | P6: 0.35555556 | Q6: 0.37638889 | R6: 0.39722222 | T6: 0.41805556 | U6: 0.44236111 | W6: 0.47013889 | X6: 0.50486111 | Z6: 0.52569444 | AA6: 0.54305556 | AB6: 0.56736111 | AC6: 0.58819444 | AD6: 0.60902778 | AE6: Vista | AF6: 0.62986111 | AG6: 0.64722222 | AH6: 0.66805556 | AI6: Vista | AJ6: 0.68888889 | AK6: 0.70625 | AL6: 0.72708333 | AM6: Vista | AN6: 0.74444444 | AO6: 0.76180556 | AP6: Vista | AQ6: 0.78611111
A7: MAITLAND | B7: -33.92465193392986, 18.487001988940953 | E7: 0.20486111 | G7: 0.22916667 | I7: 0.25347222 | K7: 0.27083333 | L7: 0.29513889 | N7: 0.3125 | O7: 0.32986111 | P7: 0.35763889 | Q7: 0.37847222 | R7: 0.39930556 | T7: 0.42013889 | U7: 0.44444444 | W7: 0.47222222 | X7: 0.50694444 | Z7: 0.52777778 | AA7: 0.54513889 | AB7: 0.56944444 | AC7: 0.59027778 | AD7: 0.61111111 | AF7: 0.63194444 | AG7: 0.64930556 | AH7: 0.67013889 | AJ7: 0.69097222 | AK7: 0.70833333 | AL7: 0.72916667 | AN7: 0.74652778 | AO7: 0.76388889 | AQ7: 0.78819444
A8: WOLTEMADE | B8: -33.92219529219735, 18.507010581735287 | E8: 0.20694444 | G8: 0.23125 | I8: 0.25555556 | K8: 0.27291667 | L8: 0.29722222 | N8: 0.31458333 | O8: 0.33194444 | P8: 0.35972222 | Q8: 0.38055556 | R8: 0.40138889 | T8: 0.42222222 | U8: 0.44652778 | W8: 0.47430556 | X8: 0.50902778 | Z8: 0.52986111 | AA8: 0.54722222 | AB8: 0.57152778 | AC8: 0.59236111 | AD8: 0.61319444 | AF8: 0.63402778 | AG8: 0.65138889 | AH8: 0.67222222 | AJ8: 0.69305556 | AK8: 0.71041667 | AL8: 0.73125 | AN8: 0.74861111 | AO8: 0.76597222 | AQ8: 0.79027778
A9: MUTUAL | B9: -33.92209345116931, 18.511988082500565 | E9: 0.20833333 | G9: 0.23263889 | I9: 0.25694444 | K9: 0.27430556 | L9: 0.29861111 | N9: 0.31597222 | O9: 0.33333333 | P9: 0.36111111 | Q9: 0.38194444 | R9: 0.40277778 | T9: 0.42361111 | U9: 0.44791667 | W9: 0.47569444 | X9: 0.51041667 | Z9: 0.53125 | AA9: 0.54861111 | AB9: 0.57291667 | AC9: 0.59375 | AD9: 0.61458333 | AF9: 0.63541667 | AG9: 0.65277778 | AH9: 0.67361111 | AJ9: 0.69444444 | AK9: 0.71180556 | AL9: 0.73263889 | AN9: 0.75 | AO9: 0.76736111 | AQ9: 0.79166667
A10: THORNTON | B10: -33.91899825858434, 18.532372608746943 | E10: 0.21111111 | G10: 0.23541667 | I10: 0.25972222 | K10: 0.27708333 | L10: 0.30138889 | N10: 0.31875 | O10: 0.33611111 | P10: 0.36388889 | Q10: 0.38472222 | R10: 0.40555556 | T10: 0.42638889 | U10: 0.45069444 | W10: 0.47847222 | X10: 0.51319444 | Z10: 0.53402778 | AA10: 0.55138889 | AB10: 0.57569444 | AC10: 0.59652778 | AD10: 0.61736111 | AF10: 0.63819444 | AG10: 0.65555556 | AH10: 0.67638889 | AJ10: 0.69722222 | AK10: 0.71458333 | AL10: 0.73541667 | AN10: 0.75277778 | AO10: 0.77013889 | AQ10: 0.79444444
A11: GOODWOOD | B11: -33.91452357725314, 18.547135062452178 | E11: 0.21319444 | G11: 0.2375 | I11: 0.26180556 | K11: 0.27916667 | L11: 0.30347222 | N11: 0.32083333 | O11: 0.33819444 | P11: 0.36597222 | Q11: 0.38680556 | R11: 0.40763889 | T11: 0.42847222 | U11: 0.45277778 | W11: 0.48055556 | X11: 0.51527778 | Z11: 0.53611111 | AA11: 0.55347222 | AB11: 0.57777778 | AC11: 0.59861111 | AD11: 0.61944444 | AF11: 0.64027778 | AG11: 0.65763889 | AH11: 0.67847222 | AJ11: 0.69930556 | AK11: 0.71666667 | AL11: 0.7375 | AN11: 0.75486111 | AO11: 0.77222222 | AQ11: 0.79652778
A12: VASCO | B12: -33.910963456351396, 18.558511811261425 | E12: 0.21527778 | G12: 0.23958333 | I12: 0.26388889 | K12: 0.28125 | L12: 0.30555556 | N12: 0.32291667 | O12: 0.34027778 | P12: 0.36805556 | Q12: 0.38888889 | R12: 0.40972222 | T12: 0.43055556 | U12: 0.45486111 | W12: 0.48263889 | X12: 0.51736111 | Z12: 0.53819444 | AA12: 0.55555556 | AB12: 0.57986111 | AC12: 0.60069444 | AD12: 0.62152778 | AF12: 0.64236111 | AG12: 0.65972222 | AH12: 0.68055556 | AJ12: 0.70138889 | AK12: 0.71875 | AL12: 0.73958333 | AN12: 0.75694444 | AO12: 0.77430556 | AQ12: 0.79861111
A13: ELSIES RIVER | B13: -33.91063655254298, 18.569073058894848 | E13: 0.21736111 | G13: 0.24166667 | I13: 0.26597222 | K13: 0.28333333 | L13: 0.30763889 | N13: 0.325 | O13: 0.34236111 | P13: 0.37013889 | Q13: 0.39097222 | R13: 0.41180556 | T13: 0.43263889 | U13: 0.45694444 | W13: 0.48472222 | X13: 0.51944444 | Z13: 0.54027778 | AA13: 0.55763889 | AB13: 0.58194444 | AC13: 0.60277778 | AD13: 0.62361111 | AF13: 0.64444444 | AG13: 0.66180556 | AH13: 0.68263889 | AJ13: 0.70347222 | AK13: 0.72083333 | AL13: 0.74166667 | AN13: 0.75902778 | AO13: 0.77638889 | AQ13: 0.80069444
A14: PAROW | B14: -33.90972003537582, 18.58605150487192 | E14: 0.21875 | G14: 0.24305556 | I14: 0.26736111 | K14: 0.28472222 | L14: 0.30902778 | N14: 0.32638889 | O14: 0.34375 | P14: 0.37152778 | Q14: 0.39236111 | R14: 0.41319444 | T14: 0.43402778 | U14: 0.45833333 | W14: 0.48611111 | X14: 0.52083333 | Z14: 0.54166667 | AA14: 0.55902778 | AB14: 0.58333333 | AC14: 0.60416667 | AD14: 0.625 | AF14: 0.64583333 | AG14: 0.66319444 | AH14: 0.68402778 | AJ14: 0.70486111 | AK14: 0.72222222 | AL14: 0.74305556 | AN14: 0.76041667 | AO14: 0.77777778 | AQ14: 0.80208333
